Layer,Expert_ID,Total_Activations,Shapley_Value
0,79,3285,221.51081329682134
0,72,1971,133.95836643890277
0,68,1750,116.78307093351452
0,67,1455,96.27016129032168
0,84,1491,94.83751787700655
0,28,1382,90.64164861542098
0,64,1347,87.1765411861126
0,86,1326,86.77781710317903
0,122,1248,84.31451612903223
0,77,1195,80.13224570510458
0,118,1157,77.96029980401573
0,12,1122,73.8436225435669
0,98,1096,73.72389074280088
0,101,1059,72.59385428253587
0,112,1070,71.58467137399099
0,53,1053,70.38037759672913
0,120,1043,69.79823260412785
0,21,1028,69.66514822465922
0,24,1016,68.99918037585572
0,50,992,65.83207532178596
0,4,1060,65.48943270300373
0,60,977,65.1124947858731
0,75,959,64.81103555922402
0,29,947,64.56881915578656
0,65,956,64.29849591333404
0,33,988,63.55230559207214
0,31,927,62.630031310509125
0,119,932,62.44311861664458
0,38,920,60.55339265850937
0,106,901,59.92769744160203
0,91,923,58.621269002595845
0,116,873,58.53947066405355
0,62,876,57.2383057198054
0,82,856,55.95961324548654
0,32,848,55.74966808999269
0,45,829,54.69114428217754
0,93,809,53.981420328142015
0,114,818,53.28296873068823
0,100,790,52.83762468316353
0,105,781,52.33107332662396
0,69,761,51.66454791037656
0,0,738,49.78209770791556
0,34,735,49.20590779878841
0,40,715,49.08485096985302
0,1,735,48.23284552280298
0,63,728,47.951830536344524
0,81,720,47.667161043134044
0,47,703,47.197178151161914
0,97,686,46.81371114103365
0,6,683,46.75765043073003
0,124,705,46.66567925714593
0,107,779,46.30876412388039
0,126,712,46.07824483344046
0,110,681,45.9899527613657
0,61,682,45.29260907180786
0,16,637,42.96046970428351
0,66,643,42.471527235900744
0,92,636,41.7273602062256
0,83,632,41.60655937152383
0,78,649,41.578316184649466
0,87,631,41.45448067296987
0,3,617,41.1840450742373
0,49,610,40.83080817766879
0,57,605,40.688841259936474
0,17,602,40.434138707090696
0,71,579,39.71183259176859
0,111,586,39.677858439201366
0,103,589,39.44084212810978
0,18,617,39.23139236833207
0,51,593,38.053268142048466
0,74,554,37.71968854282542
0,26,596,36.91879866518366
0,22,568,36.65878754171304
0,41,565,36.63329625509822
0,23,542,36.54969196543166
0,11,545,35.24186032528621
0,8,533,35.03893214682984
0,73,508,33.648498331479445
0,102,501,33.54541444516892
0,99,492,33.032197937648256
0,2,485,32.26458217463857
0,80,499,30.96737921361889
0,48,428,29.259593993325968
0,14,425,29.127155172413836
0,104,436,28.81535038932142
0,13,436,28.77519737377583
0,27,407,27.908092324805363
0,89,431,27.840763241208272
0,7,410,27.506850430017135
0,70,435,26.285981714099695
0,125,374,25.19234334445674
0,44,336,22.58130727263094
0,37,315,21.556243047830954
0,43,335,21.500338540407185
0,30,303,20.385304659498185
0,115,307,19.923707501088177
0,117,280,18.31094378369129
0,58,249,16.696005270149154
0,59,324,15.433815350389294
0,46,193,13.1667130144605
0,85,200,13.158498655464005
0,127,192,11.699507389162562
0,9,170,11.4220661846496
0,95,185,11.301398917818286
0,20,165,11.153410521016866
0,109,158,10.289210233592883
0,76,163,9.355633243286189
0,52,143,8.99283517633973
0,5,126,8.186565319490795
0,121,111,7.5468818010349645
0,94,115,7.473581757508346
0,39,113,7.440284526667066
0,123,85,5.569459893709059
0,90,61,4.063654957120815
0,25,60,3.745103254824201
0,113,103,2.340563589173156
0,35,33,1.0080645161290327
0,36,15,0.7156644637832886
0,108,11,0.572531571026631
0,10,11,0.19153935211459455
0,42,5,0.13904338153503898
0,96,3,0.11230426970137762
0,55,2,0.06840037317449497
0,54,2,0.04634779384501299
0,19,0,0.0
0,15,0,0.0
0,88,143,0.0
0,56,0,0.0
1,40,4554,313.12749319167403
1,92,1930,132.48436960607765
1,70,1758,117.13956367289732
1,127,1740,114.53837597330522
1,13,1622,103.80515387467399
1,119,1506,102.63613611082947
1,114,1563,99.71264367815905
1,113,1446,98.87011452118423
1,90,1451,91.5542732665918
1,94,1322,89.53595980962369
1,116,1353,88.8042269188005
1,6,1448,85.23359288097974
1,18,1318,85.15082896339833
1,99,1304,82.50085565157802
1,66,1193,80.02551143783039
1,28,1125,75.73290498214409
1,80,1023,69.40561977075998
1,91,1084,67.95165925102027
1,67,1106,67.74309417871764
1,98,1008,67.6430937756935
1,3,997,66.04244615228977
1,29,1041,65.21669376229953
1,19,1020,64.07003151650069
1,48,980,63.5208711433752
1,125,950,63.41247219132418
1,107,956,63.2937059695967
1,9,902,60.52442528735667
1,46,876,59.96785221126894
1,34,981,59.60326288468604
1,15,861,58.73724577376749
1,87,872,58.473749982833496
1,75,885,58.298109010011025
1,2,865,57.02382989646577
1,83,879,56.34733036707507
1,14,809,54.27377037287851
1,16,898,54.19602026943459
1,50,793,53.805617352613844
1,76,847,53.20395677737212
1,86,798,50.99184278828347
1,88,769,49.36040044493898
1,23,743,47.62644768697263
1,39,740,46.86630978865369
1,8,705,46.62438551795934
1,60,682,45.51830465222806
1,26,697,45.40568580474015
1,38,671,44.9789538881583
1,5,672,44.91833030853004
1,24,670,44.269674638487466
1,7,719,43.74810395388813
1,42,627,42.33791965820629
1,11,603,41.290626372907155
1,78,725,41.13366703744882
1,123,688,40.392102335929
1,62,611,40.21197795530374
1,101,638,40.128913078023444
1,58,593,40.07925472747532
1,22,591,39.32742730017486
1,121,583,39.08988511978761
1,4,619,38.63770202185443
1,20,577,38.505948638584165
1,95,561,38.20690919203178
1,45,577,37.8031145717463
1,47,563,36.608518011465755
1,49,542,36.57551951663477
1,53,599,36.15127919910978
1,120,517,34.714117689965214
1,25,522,34.222052280311516
1,33,480,32.51984372210558
1,57,498,32.1248146088246
1,126,464,31.52887678228346
1,108,464,31.36297274749717
1,30,519,31.326473859844164
1,21,476,31.28476084538381
1,84,449,30.52171789793531
1,106,453,30.077864293659854
1,41,539,29.407675194660595
1,32,446,29.16098532419531
1,103,448,28.60268719629994
1,117,430,28.454555240589855
1,89,404,27.623811811103362
1,82,443,27.182981090100128
1,77,418,26.93017494185441
1,37,417,26.392171857619516
1,122,420,26.11036071825853
1,68,392,25.809927697441577
1,105,361,24.64622939629898
1,85,397,22.177419354838634
1,56,327,21.452407436834644
1,63,296,20.233182070987986
1,36,323,19.458348782597934
1,124,357,19.29922135706338
1,115,302,18.314794215795306
1,12,281,17.455737856878013
1,109,258,17.22928858151568
1,52,265,16.392221515970192
1,104,237,16.101381585600134
1,43,240,15.399054505005548
1,96,202,13.63807007786428
1,31,186,12.662680756395963
1,73,197,12.369513134251756
1,69,188,12.15956797875776
1,44,161,10.57759650640631
1,72,161,10.255570705802146
1,35,157,9.454949944382662
1,1,137,8.264390989988872
1,97,142,8.249907304412318
1,10,122,8.204909446310362
1,61,112,7.348700201870393
1,59,120,6.8528523756554875
1,65,142,4.8317575083426085
1,27,79,4.282536151279202
1,74,70,3.931837844518598
1,51,47,3.02865006702604
1,17,43,2.7576937337782716
1,102,41,2.6718449792698973
1,64,36,2.090501073544248
1,54,36,1.9002595476455326
1,0,29,1.2513904338153505
1,79,20,1.1658787541713016
1,112,24,1.1123470522803116
1,100,27,1.0737238907428008
1,111,22,0.9037819799777531
1,71,20,0.6604560622914353
1,93,8,0.39395624768261034
1,81,3,0.0
1,118,0,0.0
1,55,27,0.0
1,110,1,0.0
2,63,6749,460.8453837596802
2,74,3825,258.16601779755695
2,22,2623,174.4928227130702
2,40,2342,155.70375814397218
2,47,2202,143.62095036151277
2,85,2105,137.84760845383587
2,120,2020,130.05422691879704
2,49,1820,119.34135571510551
2,76,1599,105.65752070201306
2,87,1574,103.42510196514516
2,62,1588,102.84949226739329
2,4,1392,93.04577102129949
2,2,1351,88.49893979421509
2,123,1314,87.76274404510754
2,10,1306,86.52391546162505
2,84,1243,83.80694985168839
2,81,1181,79.61662120773453
2,82,1192,77.0611982662732
2,38,1103,74.17095383759762
2,70,1098,72.08767317221155
2,88,1062,70.47182054134215
2,116,1036,67.76248972288053
2,50,1033,66.8287476280836
2,24,1014,66.69302697441552
2,90,1050,66.61568409343737
2,53,981,65.67212923920714
2,73,1001,64.26700964034175
2,46,956,61.67627330029981
2,109,933,61.327101797696685
2,122,916,59.56463972314845
2,8,919,58.84576612903168
2,107,888,58.03267070939074
2,14,900,57.6595522803109
2,57,906,56.45492345992889
2,121,847,55.57413642786232
2,119,816,55.224983619546656
2,67,802,53.61373748609623
2,15,817,53.263914637662815
2,9,839,53.220899038147124
2,117,822,51.515572858732476
2,27,804,51.49661239761331
2,54,759,49.983698362165256
2,100,752,49.69326187346184
2,77,753,49.37662217278478
2,72,741,47.483314794215545
2,60,725,47.306350490443805
2,52,713,46.41268075639635
2,39,671,45.207501799385106
2,7,661,44.47199563300752
2,6,640,41.08936399921483
2,127,611,40.82512315270944
2,59,625,40.71364015572845
2,25,587,39.221820541342126
2,68,570,37.86614757137569
2,93,560,36.90112029238841
2,95,553,36.586704525496195
2,115,546,35.37109133605241
2,80,518,34.002152149731536
2,64,494,32.44160177975548
2,111,475,31.380588040765875
2,69,462,29.564742718246748
2,45,440,28.32395472093185
2,113,444,28.028218488378972
2,30,414,27.19976218787159
2,12,422,26.563803531701925
2,41,391,26.058253462751566
2,108,395,25.513070077864366
2,126,378,24.93464961067867
2,51,378,23.049114400616048
2,92,329,21.80970824342981
2,44,302,20.02224694104566
2,75,402,19.131105268480145
2,0,297,18.890939427646895
2,65,263,17.035389115478154
2,23,260,16.787170930663663
2,125,251,16.70050055617353
2,97,261,16.365920982161274
2,99,250,16.154523544679257
2,17,247,15.914978631227687
2,16,252,15.731765453678705
2,31,218,12.82991202346042
2,56,203,12.528288136243338
2,94,179,11.456793697715884
2,106,180,11.144422265226208
2,112,164,10.845383759733043
2,104,164,10.404417606864778
2,18,150,9.396551724137925
2,48,143,9.07692575083425
2,78,132,7.570912124582879
2,37,128,7.356658913944794
2,33,117,6.8573667711598825
2,103,108,6.739944968093208
2,118,82,4.399729858573014
2,29,64,4.203579373907516
2,86,64,3.898562505347821
2,71,49,3.1127776382360337
2,55,42,2.537541713014462
2,83,46,2.502780867630702
2,21,35,2.0639251946607344
2,42,25,1.6072317194543648
2,124,26,1.3752259454949947
2,3,29,1.37305339265851
2,36,24,1.2989579064457588
2,11,22,1.2484936967000375
2,89,16,0.9733036707452725
2,58,18,0.9617167222840195
2,20,14,0.6187430478309234
2,101,9,0.27113459399332596
2,61,7,0.22015202076381168
2,5,5,0.18539117538005195
2,32,3,0.10428253615127922
2,96,0,0.0
2,66,1,0.0
2,43,1,0.0
2,1,0,0.0
2,34,0,0.0
2,91,0,0.0
2,79,0,0.0
2,35,0,0.0
2,102,2,0.0
2,98,1,0.0
2,110,0,0.0
2,114,0,0.0
2,105,0,0.0
2,13,0,0.0
2,19,0,0.0
2,26,0,0.0
2,28,0,0.0
3,22,7262,481.72413793099764
3,69,3398,228.9349276974469
3,84,3051,199.186265162349
3,16,2078,136.34941601780093
3,24,1988,126.09095576281234
3,123,1750,115.79764553207096
3,4,1665,109.30258157211874
3,76,1564,103.93261030774788
3,71,1574,101.71685470628695
3,89,1659,101.50532755693622
3,77,1461,93.69206525769225
3,121,1435,91.54847979236247
3,37,1357,90.6295456490133
3,31,1347,90.16036336670325
3,117,1372,89.3307378568778
3,82,1313,87.97870649928493
3,6,1349,85.6449295513527
3,26,1218,81.38672599184264
3,62,1183,75.0188701732091
3,70,1105,73.49369670003728
3,78,1127,70.18214682981147
3,73,1090,67.41707958337511
3,29,987,62.104595383759126
3,47,913,60.388857990360094
3,90,888,56.608036707452115
3,67,848,56.52731429983884
3,40,916,56.20133481646324
3,115,836,55.02859079532799
3,1,969,54.72515758249876
3,41,856,54.05160323064259
3,10,868,53.78450803923552
3,66,811,53.288375973303935
3,11,860,52.887046212963874
3,94,756,48.97171099201137
3,124,750,47.98618835743444
3,106,786,46.201025831169936
3,2,702,46.08440272389361
3,112,696,46.02567667779041
3,103,626,41.73262314252293
3,64,713,41.37533767678379
3,25,658,41.36540600667456
3,36,610,40.21914593450724
3,13,612,39.812754912865955
3,93,614,39.57770538693772
3,107,596,39.32290667791803
3,108,595,39.18242491657403
3,122,639,38.824704216806566
3,101,578,37.93210404723191
3,3,606,37.19873934000733
3,92,591,36.00528364849849
3,97,575,35.94271412680742
3,80,538,35.921085156346344
3,118,563,35.08527994067501
3,51,547,34.95677014864984
3,34,544,34.28346310715603
3,113,543,33.85706340378221
3,120,525,33.842427258357134
3,119,498,33.20506268225935
3,99,489,32.280107979055344
3,7,512,32.275444938821195
3,39,497,32.144634389087216
3,87,479,32.09729560622903
3,105,518,31.21523915461638
3,50,503,30.766022075810653
3,75,469,29.704301075268738
3,27,454,29.40767519466062
3,0,474,29.106414534668318
3,53,441,28.80370550611782
3,5,428,28.553806223439064
3,61,483,28.517797552836587
3,127,401,26.135520949202714
3,114,373,24.263070077864313
3,32,360,23.3990147783252
3,38,346,22.768353726362644
3,74,374,22.739386355209568
3,91,351,21.680835849356534
3,12,358,21.45060167863285
3,59,331,21.00327524409839
3,109,313,19.247576672493327
3,56,307,19.070334559767293
3,72,293,18.88359438415056
3,79,274,18.597824743542176
3,21,271,16.656238413051508
3,60,237,15.675311749897544
3,104,226,14.882276603633617
3,23,216,13.636183060543454
3,125,212,13.013196480938433
3,46,203,12.887583426028932
3,49,197,12.067806822395243
3,81,213,11.019187986651799
3,42,181,10.725300839316423
3,57,130,8.571445124212078
3,86,123,8.159472584714713
3,35,126,8.021478891890471
3,98,125,6.89588961279728
3,17,103,6.6675646551724235
3,18,104,5.889480375019861
3,100,91,5.6225667408231415
3,19,93,5.568687430478313
3,111,91,5.549094953989282
3,28,92,5.240197441601778
3,68,68,4.4444223740664235
3,126,80,4.356692621431222
3,20,63,4.028947507812912
3,55,82,3.945355951056734
3,14,52,3.324681745148932
3,116,47,2.9865359658880224
3,30,46,2.8364849833147967
3,54,49,2.7682273232885044
3,45,53,2.6835372636262513
3,15,51,2.2015202076381173
3,110,33,1.9795386686962129
3,9,31,1.7612161661104933
3,83,36,1.5758249907304414
3,48,26,1.0254449388209121
3,52,24,0.7994994438264743
3,43,21,0.7879124953652208
3,33,13,0.7230255839822025
3,65,5,0.11918004131574768
3,58,0,0.0
3,88,2,0.0
3,85,27,0.0
3,96,0,0.0
3,63,0,0.0
3,8,0,0.0
3,44,0,0.0
3,102,1,0.0
3,95,1,0.0
4,80,7317,487.72103103065893
4,6,3439,229.77877718538372
4,14,3398,229.1906682027685
4,5,2396,151.5225250278072
4,93,2208,147.7555470991178
4,124,2120,143.7261639917387
4,9,1795,114.21506988441499
4,88,1563,102.14697241949924
4,81,1501,100.88957537360466
4,27,1511,97.7565652657561
4,50,1426,91.78650881932306
4,0,1577,91.24225329731595
4,116,1376,90.07230255839823
4,104,1368,89.86671698712942
4,86,1319,87.88029584528662
4,52,1316,87.05419215795247
4,85,1502,85.7434186132757
4,106,1374,84.49446753703046
4,115,1229,80.85650723025694
4,30,1180,79.64702844430387
4,118,1185,77.77605459056987
4,87,1146,74.21756497118055
4,76,1148,74.11343291487866
4,122,1110,73.8173994496813
4,29,1077,71.43694518964419
4,60,1051,69.59410919540252
4,79,1059,69.12571939836545
4,83,997,66.96301991319336
4,10,964,64.5917491169531
4,22,1018,64.39098998887692
4,18,974,64.3200778642944
4,43,1013,64.10893055776232
4,89,962,63.3634593993332
4,23,942,61.67108753315596
4,58,925,61.48135609614587
4,111,917,60.39479630144534
4,77,888,58.175271374324645
4,1,882,57.676518883415305
4,107,874,57.226084538376405
4,39,804,53.52706711160605
4,91,875,53.3308614509942
4,53,794,51.5701970443346
4,25,780,51.53954585554884
4,56,777,50.86775710385289
4,82,830,50.86412886746559
4,64,690,46.02638197030548
4,65,678,44.709765236227426
4,47,706,44.00723025583961
4,102,646,43.18826473859892
4,63,672,43.16762214426313
4,74,649,42.33870967741915
4,127,645,42.098406441940526
4,105,625,39.788527656992486
4,15,547,35.78762727817223
4,99,481,31.904248768473018
4,33,410,26.709931324660378
4,45,403,25.98599893601575
4,51,365,23.35494299221352
4,13,344,22.55544354838702
4,119,355,22.094655437258307
4,40,336,21.873639793006767
4,95,317,20.90864849833144
4,48,313,20.161290322580665
4,100,297,19.41310450765404
4,32,293,19.41154659861725
4,68,305,19.306752873563187
4,75,299,18.850309868107445
4,19,266,16.49402113459403
4,121,252,15.758249907304426
4,4,248,15.726385799036024
4,34,233,15.372472682065066
4,73,245,15.29042686318133
4,103,226,15.125139043381525
4,11,223,14.30359129191168
4,2,220,13.716220637309426
4,101,210,13.41646663934588
4,109,207,12.9417301274921
4,26,182,11.840263127613067
4,97,179,11.52861416900006
4,12,171,11.09294880490515
4,110,176,11.084175654108426
4,38,147,9.370792108190402
4,17,129,8.252804041527622
4,7,133,7.925472747497223
4,113,121,7.77444286755398
4,44,123,7.566691164786273
4,114,114,7.455896415120119
4,96,114,6.957516899118677
4,112,112,6.743604004449378
4,123,95,6.195609500752472
4,61,116,6.0715609936967
4,59,79,4.852916283793584
4,46,70,4.440697997775307
4,108,69,4.1338666894840435
4,16,70,4.095459601577514
4,92,57,3.3530846239411307
4,70,53,3.2794374702049893
4,57,46,2.6939655172413786
4,20,34,1.916812331161608
4,126,30,1.6105858361142011
4,98,25,1.5894566948025042
4,37,22,1.3161175252195931
4,55,26,1.1540600667408234
4,8,26,1.0924837120610202
4,120,18,0.8690211345939937
4,28,3,0.11123470522803117
4,72,4,0.10428253615127922
4,62,0,0.0
4,66,0,0.0
4,36,0,0.0
4,41,0,0.0
4,78,3,0.0
4,67,1,0.0
4,31,9,0.0
4,84,25,0.0
4,42,1,0.0
4,3,0,0.0
4,21,0,0.0
4,24,0,0.0
4,54,8,0.0
4,90,1,0.0
4,71,25,0.0
4,69,0,0.0
4,94,0,0.0
4,117,0,0.0
4,125,0,0.0
4,49,2,0.0
4,35,0,0.0
5,120,8007,535.9584125731468
5,19,4310,290.50428506421366
5,32,2744,176.7206618464981
5,113,2524,165.39210233593
5,16,2458,164.024076338258
5,21,2332,158.2646926336842
5,115,2185,144.74416017797742
5,65,2007,128.6622232588162
5,68,1911,124.59942263891043
5,0,1688,106.65231900179069
5,42,1288,85.99181382091079
5,125,1357,83.60931337849969
5,90,1231,83.16737368643058
5,62,1282,83.07842046718572
5,61,1231,82.44403503893103
5,80,1215,80.24471635150306
5,102,1252,80.21644419725628
5,95,1195,79.40535780496788
5,48,1137,76.97484604887393
5,66,1228,75.17612161661019
5,117,1076,73.17754856686965
5,51,1153,72.91434927697426
5,33,1108,72.36905740678085
5,96,1049,69.59499081104617
5,58,996,66.82800113000363
5,73,972,66.11059389660004
5,87,998,64.69862347052313
5,111,998,64.02947719688568
5,13,961,63.9710157751033
5,76,965,62.238466020445735
5,46,976,61.604118212154745
5,82,1002,61.373748609566775
5,7,957,61.27502004088962
5,126,955,61.17176980270435
5,105,923,58.32335073158168
5,37,869,57.216351501668704
5,47,899,57.20708194289976
5,122,831,56.990697298674796
5,25,858,54.86651835372664
5,107,843,53.5813602415387
5,24,766,51.47650281763953
5,17,713,47.736864489956375
5,34,747,47.54820170559897
5,8,756,47.21749656481072
5,54,636,43.59269098169817
5,78,679,40.75361512792017
5,108,598,40.68882377899821
5,71,579,38.38926421514105
5,1,561,36.57492700222464
5,63,541,35.81573649325688
5,10,542,35.62071892746316
5,45,551,34.62952663453228
5,94,473,32.22136051789771
5,118,462,31.499371282100874
5,53,466,30.783745024315216
5,64,467,29.747261914948357
5,97,454,29.181233116160925
5,9,454,28.935407157377927
5,30,461,28.832962550982387
5,4,428,28.391022704966243
5,56,379,25.85000321753265
5,103,417,25.79254727474975
5,2,384,25.658718020022167
5,75,355,24.126154911352693
5,100,358,23.95261976909205
5,114,355,23.387956836347392
5,49,299,19.81239443002521
5,74,305,19.425824014987434
5,43,219,14.713038997578987
5,60,201,13.778680936029682
5,77,210,13.722257534827026
5,93,209,13.365545050055623
5,70,200,12.727104189840595
5,91,193,12.07847901176747
5,59,179,10.695363269129455
5,84,146,9.743911608801834
5,39,158,9.433558654915718
5,109,151,8.79181997090785
5,52,139,8.663253955642318
5,11,125,7.796361036071823
5,79,115,7.721956736535327
5,22,119,7.258064516129045
5,20,111,7.190667099246082
5,112,143,6.902510726203697
5,101,102,6.570792944541565
5,116,100,6.401242470669711
5,72,97,6.310583187668843
5,67,89,5.463387503730432
5,123,89,4.959213941416387
5,18,64,4.207854087588728
5,89,88,4.2060622914349315
5,41,58,3.5571931776047485
5,81,54,3.3370411568409337
5,3,77,3.290693362995927
5,31,50,3.1251655278351604
5,36,49,2.887467556544311
5,5,47,2.836484983314793
5,106,47,2.7615560499320244
5,86,48,2.6742677048572507
5,88,43,2.4928491975210556
5,38,54,2.294215795328143
5,99,39,2.237334411972901
5,104,33,2.0624768261030773
5,55,33,1.598998887652948
5,110,45,1.5016685205784206
5,12,26,1.3588330468196992
5,85,19,0.9931670109645643
5,29,9,0.5045288415699984
5,35,8,0.4310344827586207
5,83,7,0.399749721913237
5,40,8,0.3435189426159786
5,23,8,0.3406562847608454
5,44,9,0.0
5,15,1,0.0
5,98,25,0.0
5,6,5,0.0
5,50,0,0.0
5,57,0,0.0
5,92,0,0.0
5,119,0,0.0
5,28,0,0.0
5,121,0,0.0
5,124,0,0.0
5,127,0,0.0
5,26,25,0.0
5,69,1,0.0
5,14,0,0.0
5,27,0,0.0
6,114,8747,587.823275862029
6,92,6396,438.16895315783955
6,121,5875,399.298603386484
6,61,5184,353.4158324063821
6,49,5016,329.2497616399103
6,84,3647,243.98043897012386
6,34,3195,219.76136080318415
6,123,2958,196.4397576254362
6,8,2397,164.841604049853
6,103,2202,146.07831452937106
6,56,2065,140.95864383676084
6,71,1989,137.72396772275638
6,72,1825,121.74266524021552
6,67,1666,112.81892391370785
6,33,1557,103.7297747326614
6,53,1507,103.65279112714158
6,1,1487,99.54769464231815
6,105,1299,89.87056979018759
6,85,1261,84.98762211636073
6,55,1134,74.96598161927484
6,24,1002,67.41908353455085
6,35,1024,67.00500556173493
6,83,975,64.3244177031714
6,30,866,58.554945443556846
6,4,874,58.30406488399141
6,118,836,53.59610542047404
6,78,803,52.804041527623035
6,62,709,46.97505860872449
6,110,617,41.997513418361386
6,42,552,37.72210981550397
6,126,517,35.5056564285988
6,88,530,33.666386953665274
6,12,507,33.280123658321656
6,19,471,30.53729196630377
6,14,383,26.09004074952828
6,7,370,24.267449396967816
6,117,352,23.708726069902266
6,43,356,23.440852916188636
6,94,313,20.940985778797994
6,107,311,20.10433279279522
6,115,292,19.826867016992047
6,100,280,18.307512521941526
6,75,257,17.558572024471648
6,44,248,16.22773589310483
6,112,235,15.833141159553996
6,13,249,15.811797358445766
6,15,243,15.556996986943425
6,82,226,14.62558288629402
6,79,196,13.137654892382393
6,127,189,12.772915027537396
6,48,187,12.747676105354248
6,47,191,12.640101320307553
6,25,194,12.531529555531197
6,52,165,10.945554798043249
6,54,172,10.735026512738003
6,28,162,10.696860147638795
6,86,130,8.787901307966703
6,101,129,8.648649465589777
6,64,124,8.439328722735393
6,104,122,7.955267757826153
6,39,121,7.885105314148343
6,16,111,7.492257192087065
6,109,107,7.014889732553074
6,26,100,6.5288592263008365
6,10,99,6.4159283430696155
6,76,96,6.282141187470776
6,108,95,6.242539135624951
6,6,94,5.760212872690789
6,95,90,5.748275142879061
6,38,87,5.642234061237632
6,18,83,5.540309395496907
6,98,84,5.440842863170351
6,37,69,4.693163620497868
6,27,68,4.250303367377899
6,116,64,4.1646349825529105
6,74,58,3.7506060865348947
6,0,56,3.6521557769502344
6,41,54,3.5645666902619078
6,93,55,3.4065628476084555
6,77,56,3.240098560153159
6,58,52,3.1891226658462135
6,22,46,2.842664689160797
6,32,41,2.7571942963445983
6,91,41,2.7264146807892744
6,122,47,2.558398220244717
6,46,36,2.3982369717396947
6,119,38,2.2752553342097284
6,20,34,2.1042628292153136
6,120,37,2.085650723025583
6,80,39,2.0779260907180817
6,23,41,2.0682703003337055
6,87,30,1.9219513930206686
6,9,31,1.8814307563959969
6,50,32,1.6163793103448285
6,111,23,1.3503782716631432
6,90,25,1.2600806451612907
6,99,20,1.243806249367985
6,96,23,1.2004396056501139
6,2,23,1.0726203718417293
6,124,22,1.042825361512792
6,89,14,0.7357712272895812
6,70,13,0.6239571746384873
6,36,21,0.5909343715239156
6,97,13,0.5474833147942159
6,63,13,0.39395624768261034
6,3,6,0.32903759123531484
6,17,6,0.2398498331479422
6,29,6,0.23173896922506493
6,81,6,0.1536795269597799
6,106,6,0.13904338153503895
6,65,4,0.13677636987957636
6,45,0,0.0
6,66,0,0.0
6,125,3,0.0
6,60,0,0.0
6,59,0,0.0
6,5,0,0.0
6,11,0,0.0
6,51,1,0.0
6,57,1,0.0
6,73,0,0.0
6,68,0,0.0
6,113,0,0.0
6,102,0,0.0
6,69,25,0.0
6,21,0,0.0
6,31,0,0.0
6,40,0,0.0
7,99,7089,453.795884315932
7,15,5631,375.1920994087107
7,13,5190,354.6669502061124
7,109,4772,324.09402259820934
7,74,3673,245.27332412770184
7,3,3028,205.04263997033868
7,98,2777,188.86232930205352
7,53,2604,171.6927076596709
7,96,2416,164.91727391735506
7,68,2142,146.0059212507457
7,114,2116,142.1165967884549
7,18,2104,139.37167840810872
7,116,1918,129.43509402971253
7,19,1686,115.22202385707898
7,49,1406,96.68777155710147
7,39,1412,94.90658812822193
7,17,1303,87.38356741135084
7,60,1286,86.27904170252062
7,38,1223,81.27008831175272
7,124,1215,79.16758056682652
7,75,1090,71.7850080336178
7,83,1072,71.65714807497622
7,51,1069,70.45399446678692
7,43,1054,70.43976692690791
7,20,1036,69.4736103458678
7,87,985,66.36592579501695
7,112,999,65.59757755530767
7,59,968,63.63165863304919
7,95,897,61.535914674991844
7,50,872,59.7287348127754
7,125,765,51.5319309036182
7,72,768,50.88541294608692
7,115,714,47.15356512332757
7,101,661,43.34291187739473
7,8,626,42.048590314024004
7,12,621,40.573676634168656
7,86,593,39.175976527865096
7,61,554,37.29012899538463
7,127,548,36.31453800102485
7,46,542,35.07765308852307
7,123,514,35.07426913882207
7,62,521,34.931173526140185
7,111,523,34.89442076714463
7,2,416,27.773339315015377
7,64,366,24.473939736601103
7,34,393,24.358205023125098
7,67,376,24.12922457975119
7,70,327,21.491882682586745
7,24,329,21.228652751423134
7,7,325,20.472140181299793
7,91,302,19.806028104621813
7,11,306,19.375843135398696
7,56,268,17.33407489803484
7,119,237,15.871802002224689
7,9,248,15.662827978799982
7,63,227,14.787072282148376
7,110,221,14.170837968112693
7,102,207,13.436403696414828
7,73,187,12.417471025153416
7,31,196,12.319243604004471
7,16,168,11.177542948955612
7,103,157,10.539871008562026
7,81,153,9.199050954961782
7,94,129,8.198409755695623
7,100,118,7.116825712780276
7,113,118,6.983453837597332
7,36,100,6.676479613363508
7,121,95,5.940015049401295
7,93,89,5.208778985197226
7,58,90,5.174400127125373
7,41,73,4.55990987136705
7,48,73,4.442767095714814
7,122,86,4.432007786429371
7,79,67,4.408493096905059
7,84,67,4.403040415276232
7,25,70,4.171301446051165
7,52,40,2.486095661846496
7,97,35,2.175323628508326
7,89,32,2.031929416523411
7,30,36,1.9466073414905458
7,26,34,1.9466073414905454
7,27,32,1.8605328672069503
7,5,28,1.8513511022068718
7,104,26,1.6434155234210852
7,33,29,1.5294771968854284
7,29,24,1.4277559861834788
7,85,20,1.1955004471198938
7,40,25,1.1123470522803116
7,80,16,0.7945336087716514
7,108,12,0.6710672677243722
7,82,13,0.6256952169076753
7,10,11,0.6237640588307999
7,22,11,0.6083147942157953
7,88,37,0.5909343715239156
7,42,14,0.5561735261401558
7,66,10,0.49823878383388953
7,44,12,0.4403040415276233
7,106,8,0.43317361170531365
7,65,8,0.4171301446051169
7,47,8,0.34760845383759736
7,21,8,0.34482758620689663
7,1,6,0.29947805253700693
7,69,8,0.23173896922506493
7,4,6,0.17380422691879868
7,55,5,0.13904338153503895
7,92,3,0.11123470522803117
7,45,5,0.10428253615127922
7,37,0,0.0
7,57,0,0.0
7,54,0,0.0
7,126,1,0.0
7,0,25,0.0
7,32,2,0.0
7,28,26,0.0
7,76,4,0.0
7,77,1,0.0
7,78,16,0.0
7,105,0,0.0
7,90,0,0.0
7,71,0,0.0
7,117,0,0.0
7,107,0,0.0
7,118,26,0.0
7,120,2,0.0
7,6,0,0.0
7,14,0,0.0
7,23,0,0.0
7,35,0,0.0
8,25,6559,439.7033028150647
8,110,4892,331.7446735689296
8,54,3717,247.15593083223405
8,70,3533,232.44448564249134
8,127,3309,221.85901001112833
8,68,3217,212.53803245436401
8,62,2938,197.9079318901382
8,35,2308,145.75426944971016
8,116,2204,143.6748503628365
8,23,1849,123.83247700266936
8,103,1768,115.18535087295399
8,94,1772,115.07997391738024
8,75,1660,104.22905792761136
8,26,1438,93.32338962483614
8,4,1417,92.38415312406778
8,6,1340,87.78781979977856
8,84,1406,87.40772575588846
8,37,1315,86.70745272525133
8,74,1236,81.41633708235472
8,113,1130,75.61311510143605
8,39,1132,70.53242919483138
8,64,1099,70.08220939933172
8,99,1137,67.97135706340404
8,109,1011,65.82495042801168
8,121,1061,65.23220244716404
8,14,921,61.08175750834185
8,28,886,58.669115108742204
8,50,873,56.52283024498754
8,27,859,56.03170189098996
8,38,828,54.94299221357119
8,16,794,54.02584067767627
8,11,824,53.8862625139047
8,2,801,53.33949486357392
8,46,786,52.80713138054568
8,66,816,52.181517475557314
8,79,765,51.29524257722289
8,20,767,49.54353075232635
8,15,701,46.843715239154115
8,40,707,46.43631813125731
8,24,696,45.54150205208884
8,8,690,45.52787930151666
8,65,720,44.4342920705548
8,36,676,43.489293659622
8,111,581,38.126764781380885
8,51,548,35.32695058000937
8,3,495,33.33404637631548
8,98,519,33.24400849428639
8,90,460,30.214126807563776
8,18,458,29.774749721913334
8,82,442,29.77293995091541
8,57,445,28.107921845528807
8,106,414,27.830067596474517
8,83,365,24.40853084623931
8,9,363,23.813496477567675
8,122,344,22.57755530836724
8,101,336,22.368990236064715
8,59,320,21.53354154188404
8,72,320,19.870935025845732
8,78,314,19.39655172413796
8,22,285,18.808376149866668
8,117,248,16.018615455080834
8,19,233,15.484684880219177
8,124,244,15.025241721571
8,29,208,13.781565805978298
8,44,232,13.77793507938115
8,10,218,13.624888220026628
8,102,216,13.569765016685231
8,30,211,12.4366580150785
8,5,200,12.227638552640194
8,61,190,11.555498172572726
8,45,160,10.202308120133488
8,0,152,9.598628105302206
8,13,160,8.746858649528281
8,87,136,8.470059325176123
8,42,132,7.96409590903474
8,80,129,7.740081572117183
8,81,117,7.112068965517242
8,91,107,7.032505252749979
8,53,99,5.862995921394147
8,115,93,5.656537566993636
8,118,90,4.923399737081611
8,77,77,4.806476893518055
8,85,70,4.458456255743096
8,126,58,3.730432187525436
8,88,62,3.596167458792601
8,69,60,3.480719317760476
8,76,50,3.023453955932122
8,92,55,2.6765850945495004
8,47,49,2.5325758779596383
8,21,47,2.4873316030156962
8,43,46,2.447163515016686
8,123,42,2.35601285378816
8,107,34,2.1218020022246944
8,58,44,1.8307378568780128
8,52,27,1.5096138566661377
8,56,22,1.3768686073957517
8,67,23,1.350707134911807
8,125,32,1.32091212458287
8,32,21,1.2874387179170272
8,95,23,1.2774610678531706
8,33,23,1.1262513904338156
8,100,21,1.0301850541005158
8,105,29,0.9482758620689657
8,108,15,0.8934276856081225
8,89,14,0.7166081971421236
8,114,18,0.7125973303670747
8,71,18,0.5661051962498014
8,55,10,0.45685682504369945
8,104,10,0.2780867630700779
8,93,8,0.19466073414905452
8,86,5,0.19118464961067855
8,48,4,0.10428253615127922
8,41,2,0.06488691138301818
8,17,15,0.0
8,73,0,0.0
8,112,0,0.0
8,31,0,0.0
8,34,0,0.0
8,12,0,0.0
8,63,0,0.0
8,60,25,0.0
8,97,4,0.0
8,96,26,0.0
8,49,1,0.0
8,120,0,0.0
8,119,0,0.0
8,1,0,0.0
8,7,0,0.0
9,73,7551,517.9357685788103
9,60,6336,412.35210840328926
9,46,4456,285.61827956989106
9,117,2891,195.8292333361802
9,25,2767,183.58096297473716
9,40,2467,152.38619834003535
9,113,2280,146.33388950685656
9,10,2149,145.96831531025214
9,86,1966,131.48650492161127
9,49,1896,125.89705407441774
9,122,1638,109.31440339115636
9,45,1526,98.47608453837846
9,7,1400,91.67162480275218
9,110,1350,91.2207346787425
9,114,1301,84.00206578738253
9,87,1274,83.57996980772356
9,112,1230,83.01964955334066
9,9,1210,81.4181762805225
9,33,1163,78.40501792114753
9,118,1146,76.50986214841953
9,96,1158,75.02714656496613
9,84,1139,74.95335318813027
9,35,1126,74.38221587204173
9,94,1062,70.37581439694827
9,28,1035,68.02369509098145
9,103,1004,65.86484983314749
9,48,969,60.449110122358626
9,37,929,60.44911012235818
9,98,925,60.23718109727702
9,43,917,60.01593651065235
9,22,898,59.53440330525888
9,32,851,57.01423689551934
9,116,835,56.31104157244326
9,127,865,55.86067853170163
9,106,873,55.81766935012529
9,64,871,54.984339324395286
9,111,812,52.51142410486083
9,39,675,43.42622755442573
9,62,644,43.36433379585544
9,79,655,42.13962483567611
9,125,654,41.81203020190776
9,65,644,40.6172201917473
9,105,595,40.49572900707291
9,0,574,38.35236216341011
9,41,608,38.13855017104948
9,24,555,35.838813577968075
9,34,502,33.01993624072563
9,51,446,29.485473277186404
9,69,420,28.406231791938232
9,15,428,28.177272441076997
9,104,409,27.6079816147922
9,102,421,27.16279737342561
9,66,397,26.405781056519935
9,77,392,23.716376782283284
9,44,337,22.52932811944543
9,5,338,21.920637626036072
9,82,326,21.5467071087004
9,109,319,20.629050394157787
9,21,337,20.339439655172406
9,57,261,17.14040733089676
9,14,248,16.601779755283623
9,107,248,16.147821904217924
9,123,238,14.964543937708608
9,68,208,13.744135996517894
9,100,214,13.33657767890246
9,16,211,13.331611843847659
9,13,215,13.139599555061189
9,55,201,12.93848323534086
9,115,186,12.268181120785552
9,11,189,12.164557842046712
9,38,161,10.357533274519593
9,23,154,10.284626385849958
9,26,143,9.009193221226191
9,50,126,8.548685046877486
9,8,138,8.16774530623252
9,92,123,8.110091459646531
9,1,133,7.911568409343724
9,63,114,7.639746238188946
9,83,116,7.633783914494355
9,47,124,7.233566396525246
9,19,119,7.134663515016685
9,88,118,6.70884315906562
9,12,117,6.395995550611808
9,52,97,5.8019011022348135
9,91,78,4.965425501416232
9,89,67,4.3419455961169025
9,76,71,4.32394689751898
9,53,96,4.171301446051175
9,108,67,4.12826420890937
9,4,75,4.101779755283652
9,71,62,4.050042683084562
9,6,53,3.389182424916573
9,85,56,3.2327586206896557
9,17,48,2.9670864452566352
9,20,69,2.780867630700782
9,67,52,2.600111234705228
9,95,39,2.433259176863181
9,70,33,2.0856507230255845
9,124,40,1.6685205784204675
9,75,33,1.077586206896552
9,97,22,1.060205784204672
9,2,17,0.7791223965325459
9,101,26,0.7647385984427145
9,58,11,0.5561735261401557
9,18,14,0.5329996292176493
9,90,20,0.4866518353726363
9,81,6,0.2880184331797236
9,99,3,0.08690211345939935
9,74,12,0.0744875258223423
9,31,3,0.06952169076751948
9,42,0,0.0
9,30,0,0.0
9,56,1,0.0
9,54,0,0.0
9,72,2,0.0
9,78,1,0.0
9,61,1,0.0
9,59,1,0.0
9,80,8,0.0
9,36,1,0.0
9,126,0,0.0
9,121,0,0.0
9,120,0,0.0
9,119,0,0.0
9,93,0,0.0
9,3,0,0.0
9,27,0,0.0
9,29,0,0.0
10,96,4725,311.8837850136473
10,10,2994,191.09526457968406
10,108,2548,167.59783597936638
10,82,2446,161.74800704486273
10,119,2428,161.2921051881067
10,124,2361,149.86890195455155
10,23,2229,141.5759574129978
10,83,2041,130.64516129031878
10,53,1850,123.14688734609548
10,32,1836,122.61823837185467
10,2,1756,118.15258963536336
10,95,1699,113.48652974850297
10,39,1731,113.41831833350287
10,76,1688,113.38891206278508
10,41,1488,99.9015109380787
10,33,1386,92.51830737856847
10,13,1344,91.02683537263592
10,9,1214,81.12778288275236
10,20,1198,79.19550529394762
10,86,1161,78.19285507489275
10,98,1180,76.62449017426869
10,51,1160,75.91916550304092
10,73,1177,75.78596100930795
10,14,1229,75.41017797552821
10,105,1142,75.25557497748778
10,61,1280,73.42649239896232
10,56,1177,72.6754474668817
10,50,1087,71.95155864239375
10,123,1128,68.49972191323728
10,88,941,63.3323555853534
10,120,951,63.187156421790206
10,90,928,62.42385719582579
10,116,955,60.61882483805558
10,26,907,56.387057047513515
10,70,824,55.84121245828669
10,48,779,52.7412402669631
10,16,783,51.88707939377057
10,71,771,51.36891066177027
10,40,737,49.80464404894304
10,107,796,49.70337411939203
10,109,729,49.347067517942094
10,80,745,47.03576890989946
10,113,721,45.41938959955464
10,97,619,42.11624026696307
10,15,641,41.89155880270987
10,62,629,41.65597102193311
10,57,640,41.165019956814945
10,36,545,36.20723568192304
10,110,536,35.84386297274751
10,112,531,34.210465331850216
10,3,497,33.61234705228015
10,121,499,32.91634802558402
10,64,503,32.380555114147846
10,37,494,31.991295237602397
10,103,471,31.45470275614864
10,127,434,29.028781979977662
10,55,442,28.728729320995097
10,45,416,28.055335456443146
10,74,426,27.226432146829648
10,78,446,26.923433444567916
10,118,390,26.378615127919794
10,101,413,25.166852057842082
10,94,402,24.78448275862072
10,19,319,21.248808199586875
10,84,295,19.66606731985308
10,99,303,19.621669579956496
10,100,291,18.73609566184647
10,8,300,18.710815047021924
10,18,275,18.009014645902916
10,102,286,17.78017241379309
10,68,275,17.276140155728587
10,35,273,16.780008089796766
10,27,277,16.44574218267214
10,54,243,15.877016129032258
10,89,235,15.621428680268806
10,59,230,15.240147783251214
10,67,221,15.033370411568367
10,85,222,14.910021789812095
10,31,213,13.968298109009996
10,66,202,12.656107796541587
10,1,194,12.631995977265456
10,43,191,12.50502922869384
10,38,194,12.468564105044248
10,87,160,10.537883973645943
10,34,157,9.945260816111473
10,77,152,9.859989360158641
10,4,130,8.670602663928573
10,72,132,8.395766537983372
10,58,143,8.235160279097997
10,25,124,8.183282350760113
10,7,119,7.5933135582746205
10,29,116,7.307502162897058
10,115,128,7.183908045977025
10,63,105,6.777473546105355
10,22,98,6.478391628558494
10,92,93,6.104699666295886
10,81,102,5.940944483769852
10,21,90,5.54869994438265
10,114,84,5.296981425327996
10,30,80,5.058725381142444
10,69,103,5.057703003337046
10,60,112,4.982387838338899
10,111,116,4.657953281423809
10,42,77,4.24082313681869
10,65,62,3.891735498071145
10,5,59,3.627768227323292
10,6,55,3.6215651135005973
10,126,57,3.5247497219132398
10,0,60,3.031145717463849
10,122,54,3.031145717463848
10,47,45,2.259454949944383
10,91,44,2.252502780867631
10,52,33,1.2513904338153505
10,17,23,1.223581757508343
10,28,23,0.9906840934371524
10,12,14,0.7230255839822025
10,106,9,0.38932146829810904
10,46,7,0.20856507230255844
10,11,0,0.0
10,24,0,0.0
10,75,2,0.0
10,44,0,0.0
10,49,1,0.0
10,79,0,0.0
10,104,0,0.0
10,93,0,0.0
10,117,0,0.0
10,125,0,0.0
11,2,7861,512.6529477196249
11,40,3978,259.4096097112841
11,12,3168,201.67083796811983
11,28,2532,172.6653954128909
11,122,2406,161.0757121439257
11,67,1757,116.72452149898584
11,114,1704,114.91935483870833
11,9,1749,114.28156889297655
11,100,1666,106.70688229086619
11,97,1481,95.79864724245508
11,73,1466,93.93042534032516
11,89,1307,86.21124165739577
11,55,1296,85.00999609175405
11,86,1293,84.4357487155036
11,16,1252,83.74155044066224
11,50,1244,83.10769275803568
11,49,1255,81.78613492115304
11,22,1153,77.77325335028324
11,26,1182,77.57016342945063
11,61,1353,77.42398961809513
11,21,1148,76.88937320537059
11,92,1102,72.92204632131
11,78,1072,71.65079254727537
11,79,1141,71.57258064516047
11,19,1070,69.77571232993861
11,18,1018,67.11268334325041
11,47,1067,64.70924483994467
11,116,942,63.40129906244966
11,29,948,62.64962276926102
11,8,927,61.04873470522731
11,125,931,60.27530589543916
11,98,962,59.90286826632815
11,90,831,56.51534111976219
11,54,836,56.47710418984101
11,24,864,55.014831294029946
11,7,824,54.729928678924566
11,115,843,54.67301631442403
11,39,846,54.26350916222667
11,94,776,51.90042507548109
11,25,885,50.84021929127621
11,85,760,50.82421826720994
11,68,763,50.19644334160454
11,69,777,49.90393366366668
11,58,808,48.10901001112373
11,82,726,46.94369405159153
11,37,740,46.600389321468484
11,13,784,44.517055988134715
11,23,651,42.45617736181987
11,63,633,41.64884059211098
11,41,603,39.35185185185173
11,30,559,37.41056982505788
11,87,569,36.123470522802954
11,51,537,34.39897607027742
11,71,531,34.36487401460544
11,111,545,34.265125501765084
11,81,512,33.642061137889904
11,109,495,31.113274008156985
11,42,461,30.122500784347192
11,4,463,28.900166852057783
11,99,331,21.59269227713332
11,0,321,20.73257725975715
11,102,347,20.635301850541033
11,48,309,20.21793762616907
11,56,292,18.701334816462776
11,96,280,17.55106684194559
11,62,273,16.878873351342826
11,120,250,15.927088299168364
11,46,253,15.749336870026527
11,64,262,15.681003584229437
11,75,236,15.611095661846468
11,38,229,15.264976958525386
11,52,240,15.169632925472781
11,1,244,15.07296466973884
11,65,218,14.691423009693354
11,117,229,14.686953758144012
11,45,207,13.779678570058731
11,5,221,13.167408231368182
11,103,217,12.219774107983225
11,101,178,11.62841753995668
11,66,183,11.549290878754197
11,126,181,11.15591397849465
11,76,173,10.996517870097213
11,104,158,10.123682398432122
11,3,164,9.970228358306615
11,32,148,9.378807140208698
11,59,141,9.368962590012307
11,36,126,8.110863922877288
11,95,120,7.667833540535223
11,60,125,7.63348164627365
11,43,124,6.604560622914366
11,70,103,6.421276165436351
11,113,109,6.395995550611789
11,110,110,6.383355243199523
11,53,91,5.7876807563960035
11,107,97,5.587805895439373
11,17,81,5.405311457174637
11,124,81,5.343238518989351
11,121,80,4.486466444197263
11,15,82,4.159714497589914
11,72,62,3.8899041262778735
11,14,64,3.861613914450403
11,10,47,2.8377490140560244
11,84,50,2.8225806451612905
11,108,38,2.0393029291805713
11,106,31,1.7945286429365974
11,33,30,1.6585889083108227
11,6,37,1.5758249907304414
11,127,24,1.0984427141268076
11,31,19,1.0659992584352986
11,93,31,1.0365052078066541
11,83,19,0.9534403305259816
11,118,30,0.6488691138301818
11,77,9,0.3823692992213572
11,112,11,0.2085650723025584
11,11,6,0.17380422691879868
11,88,2,0.04634779384501299
11,44,0,0.0
11,35,0,0.0
11,27,0,0.0
11,34,2,0.0
11,20,22,0.0
11,91,0,0.0
11,74,0,0.0
11,57,2,0.0
11,105,29,0.0
11,80,0,0.0
11,119,0,0.0
11,123,0,0.0
12,6,7138,464.1924669385242
12,90,4037,262.8578537556507
12,104,3034,195.46023359287807
12,115,2380,158.97872636262602
12,103,2444,156.8084909158272
12,9,2158,143.32982828142354
12,49,1874,120.13637838339078
12,43,1833,118.18152648241461
12,56,1809,115.97035922266261
12,38,1712,111.83722654801807
12,14,1821,109.84124873047493
12,32,1498,96.29032258064768
12,74,1472,94.91849918712973
12,63,1476,94.44521690767611
12,40,1377,89.85910270671094
12,23,1364,88.89708371620785
12,24,1294,86.75832996258568
12,53,1267,78.2498230356949
12,58,1182,77.327673109009
12,121,1200,75.67783648498356
12,114,1115,74.39452927495213
12,107,1142,73.05502846299768
12,99,1130,69.50778642936612
12,127,1062,67.8705506117913
12,15,1026,66.50772099718654
12,68,1092,66.47737251917427
12,25,968,61.74916573971151
12,26,922,61.29759075740683
12,71,937,59.96941045606281
12,30,940,58.34801013471706
12,116,900,57.085487142576916
12,79,868,56.747723808346194
12,113,845,55.18631813125761
12,65,825,55.18126200829168
12,124,889,54.84191837083901
12,64,816,54.57452725250303
12,85,864,54.16732877800772
12,92,835,53.857063403781986
12,123,796,52.43673526140114
12,12,827,52.430941787170475
12,67,790,51.26908686419232
12,0,796,50.0966983517039
12,120,842,49.25115207373255
12,96,765,49.15788073705072
12,52,729,47.422219975056265
12,118,791,44.58326712219925
12,36,670,42.532161338685306
12,16,614,39.66646968854271
12,69,623,37.25590161908255
12,78,544,35.54964918285279
12,110,540,34.34687531600742
12,101,479,31.246839923147107
12,126,479,30.520022246941
12,47,444,28.57341490545033
12,76,450,28.557965640835597
12,44,477,27.34620592929336
12,95,393,25.068362995921404
12,51,383,24.117706542622994
12,7,345,20.605159579019436
12,33,293,18.53301914407822
12,97,278,17.915204928553102
12,35,273,17.753058954393747
12,21,272,17.16819858322113
12,20,273,17.138926292371682
12,46,262,16.273637374860925
12,34,240,14.903712458287028
12,50,247,14.492112448174755
12,94,209,13.766874810395361
12,125,228,13.661012235817621
12,80,232,13.651532005258387
12,17,211,13.649951966831807
12,62,205,12.62977382276606
12,61,202,12.530589543937689
12,100,194,11.80604712306605
12,105,206,11.71756497118011
12,1,174,11.23209816462736
12,41,179,10.840035937366318
12,8,174,10.562951890989996
12,37,170,10.557816766103764
12,28,159,10.023392004187654
12,93,152,9.73955436596219
12,60,166,9.691323692992222
12,112,157,9.400325758779601
12,75,151,9.072580645161276
12,111,139,8.756422480004247
12,11,135,8.7112785249604
12,66,140,7.647385984427158
12,4,119,7.350338760238656
12,3,123,7.160734149054501
12,18,106,6.81944584892305
12,117,107,6.726223581757495
12,19,103,6.70594642195031
12,91,104,6.5724736887139645
12,122,112,6.500278086763068
12,70,100,6.212259653583344
12,84,102,6.0483870967741975
12,108,83,5.2401974416017785
12,59,84,4.991657397107897
12,42,81,4.877213998459826
12,22,76,4.784356355546566
12,29,74,4.50255185500229
12,73,69,4.39933259176863
12,98,72,4.240823136818692
12,102,69,4.166335610996344
12,54,64,3.842653453331989
12,106,54,3.2422388512488656
12,109,58,3.228896304535902
12,57,55,3.1632369299221335
12,39,51,3.148923640646472
12,55,52,2.6835372636262522
12,2,42,2.5348678018310955
12,77,36,1.5989988876529486
12,89,37,1.0428253615127923
12,45,17,0.6952169076751947
12,27,27,0.5793474230626623
12,5,12,0.3823692992213571
12,119,9,0.37078235076010385
12,72,2,0.023173896922506494
12,81,0,0.0
12,13,0,0.0
12,88,25,0.0
12,87,11,0.0
12,48,1,0.0
12,31,25,0.0
12,10,26,0.0
12,82,0,0.0
12,83,0,0.0
12,86,0,0.0
13,105,2920,180.3392658509448
13,89,2722,178.46797367444927
13,18,2428,160.29538993944243
13,127,2016,136.05703868496192
13,64,2080,135.9454949944439
13,65,1986,133.03844549499917
13,109,1957,131.47036759189578
13,1,1933,128.9459996704171
13,99,1867,123.95282953281813
13,120,1713,116.20693464580111
13,57,1542,104.12031887282275
13,123,1540,103.09735685152677
13,118,1584,103.0437860248769
13,125,1520,101.46551724138014
13,102,1451,98.75475334350789
13,44,1470,94.4669424360388
13,41,1315,87.03343220862514
13,6,1341,83.29330569319264
13,26,1221,82.45015037284196
13,83,1227,81.7942367830082
13,28,1263,81.26622172784516
13,21,1155,72.56460169418963
13,95,1057,71.77326659250983
13,47,1080,71.13807007786421
13,32,1065,70.68369617034797
13,12,1044,70.0826260533011
13,113,1080,68.22751775476964
13,79,1038,68.20077864293589
13,82,1029,68.15211345940052
13,76,1014,67.7387490730443
13,75,1025,63.22049752249971
13,112,977,63.218073353955425
13,55,984,63.05617352613938
13,98,944,62.94416635768168
13,25,940,62.54856994834432
13,24,972,62.50386231615301
13,19,927,60.935761957731415
13,91,893,60.1200946788432
13,15,962,60.095708194290744
13,66,968,60.04146020831226
13,121,933,59.580088987764775
13,16,895,58.920920364189904
13,77,820,54.474107032505515
13,58,880,53.88465816719399
13,52,855,53.09801896286869
13,62,806,52.38111790878792
13,36,746,49.79885057471247
13,42,749,49.15388012824725
13,40,733,49.027343042657776
13,104,661,44.9110122358181
13,23,672,43.163901920007596
13,63,608,40.74070395677749
13,8,549,36.2594240514152
13,107,545,35.722562106043895
13,68,524,35.23591027067114
13,61,531,35.112798943270185
13,80,581,34.764504420116154
13,115,517,34.652520888842915
13,0,513,33.59288097886534
13,72,500,33.2972308412855
13,29,482,32.789177897922706
13,14,483,32.45761751740626
13,33,487,31.427463263274966
13,110,461,31.226322322709567
13,81,448,29.445332777159756
13,49,441,29.28661156073789
13,122,399,27.024471635150174
13,2,391,25.841050779936282
13,103,369,23.766938011932357
13,31,378,22.632470421680686
13,13,335,22.574550108948994
13,78,338,22.380834672269675
13,20,335,22.255024963137306
13,119,301,20.398957497995156
13,108,283,18.947820811002057
13,84,261,17.392548568176494
13,92,264,16.565280867630673
13,10,246,15.051446051167929
13,124,224,14.621901318925808
13,85,224,14.334801225105553
13,116,218,14.051326871126694
13,45,201,13.490441575911197
13,50,193,12.513904338153527
13,27,184,11.849406317096507
13,93,175,11.65374381120637
13,4,180,11.522305485627326
13,34,156,9.88812355608797
13,53,149,9.663515016685196
13,101,137,8.780891812158448
13,97,133,8.412124582869867
13,51,125,8.166753909572748
13,74,123,8.002939774352468
13,117,119,7.149147200593243
13,30,113,6.936719812136954
13,67,94,6.123702261772337
13,86,87,5.601236222064927
13,17,65,4.298757879124957
13,37,74,4.101779755283651
13,48,55,3.505051909529108
13,106,58,3.438163616139148
13,5,50,3.2990359658880237
13,7,55,3.1999289333827723
13,87,52,3.1874641857956645
13,126,52,2.8106626410297144
13,111,41,2.6198700310286283
13,54,42,2.5669547360314877
13,59,44,2.529265321256423
13,35,47,2.328976640711903
13,73,33,2.016129032258065
13,9,34,1.946607341490545
13,38,44,1.4599555061179101
13,43,23,1.2027252502780874
13,71,17,1.018288294183079
13,11,17,0.8728834507477443
13,60,15,0.6256952169076753
13,90,5,0.22015202076381168
13,88,4,0.10428253615127922
13,56,0,0.0
13,46,0,0.0
13,69,0,0.0
13,96,0,0.0
13,94,0,0.0
13,70,0,0.0
13,114,0,0.0
13,100,0,0.0
13,3,0,0.0
13,22,0,0.0
13,39,0,0.0
14,50,7542,500.7146829810429
14,114,6568,426.93656531945027
14,40,3436,217.5797182054208
14,30,3135,205.208852748268
14,71,2911,189.5558557127016
14,58,2196,147.6390433815383
14,8,2026,133.51760576886443
14,90,1689,112.60527570316317
14,11,1653,108.88560388736143
14,18,1522,102.71668132550305
14,82,1460,99.29126859542971
14,51,1514,98.90989988876677
14,60,1559,98.31236095661947
14,111,1371,93.10448785254803
14,20,1395,90.65242244469226
14,15,1360,87.97390619206574
14,48,1315,85.99171036601476
14,17,1338,83.86053948832001
14,10,1172,77.94513283493309
14,39,1112,72.37208008898779
14,81,1047,68.8380608083058
14,100,998,67.21130713712975
14,49,987,66.45430950214022
14,79,1046,65.51840007415727
14,28,1031,65.18353726362665
14,16,904,61.52037617554914
14,62,889,59.90250842320784
14,55,873,59.18139262480239
14,87,917,57.40753615127979
14,61,846,56.856804979719044
14,80,894,55.28578762727774
14,73,836,54.073391731554175
14,21,743,49.37093403444927
14,103,706,47.66268075639661
14,66,688,46.5536642781389
14,31,726,46.21915507025977
14,7,692,45.656607180280865
14,84,659,44.84391572030987
14,53,664,44.11256615094197
14,86,651,42.42160092410364
14,64,625,41.967927326659215
14,75,648,41.704992726961514
14,88,626,40.74805339265847
14,96,628,39.73599137931003
14,22,615,39.27512050426371
14,37,577,38.836642284917986
14,105,602,38.73993980239499
14,47,562,38.09788654060047
14,74,532,34.643968338411426
14,63,554,34.07826878349685
14,101,510,33.285992372477175
14,125,446,30.532662554353166
14,36,459,30.143000770086527
14,32,447,29.491101223581666
14,108,470,29.16434927697425
14,107,395,25.827308120133402
14,52,364,24.19678195410914
14,92,354,23.80380557521821
14,33,354,23.5035982741768
14,121,315,21.238876529477142
14,98,332,20.906717340254595
14,14,321,20.750096479081016
14,93,313,20.037360352081976
14,3,283,19.10740469208211
14,4,268,18.240022662771747
14,95,266,17.758929674947446
14,104,266,16.154900794164096
14,85,251,16.044515692817765
14,117,243,15.628476084538406
14,13,259,14.10131627734519
14,123,207,13.987904630285035
14,5,227,13.480887855192654
14,68,201,12.997775305895415
14,76,171,11.117908787541705
14,116,160,10.682300167371844
14,26,151,9.953727656051939
14,6,154,9.615718854282552
14,67,145,9.49492491657397
14,9,160,9.425154934053708
14,35,141,9.364980697507047
14,94,137,9.133675464320648
14,110,144,8.936020181153655
14,2,151,8.707591768631818
14,59,124,7.677975528364847
14,34,109,7.0051379840034
14,29,103,6.838230750216291
14,91,115,6.7870550611790765
14,77,113,6.764460511679649
14,102,122,6.729699666295893
14,115,103,6.59065628476084
14,19,109,6.589663117749877
14,72,83,4.8734705228031165
14,109,80,4.759918427882837
14,27,80,4.7187847608453835
14,42,73,4.633284294377265
14,24,74,4.6249480342917515
14,78,80,4.582111436950149
14,12,65,3.9573885513818765
14,23,60,3.6411985539488314
14,119,108,3.6151279199110165
14,113,53,3.2920565334031284
14,69,52,2.9000476720165262
14,1,46,2.627919911012235
14,46,48,2.5583982202447166
14,70,46,2.2768353726362642
14,38,40,2.273359288097887
14,57,34,1.835372636262515
14,0,36,1.5758249907304414
14,126,29,1.5294771968854282
14,99,32,1.512096774193549
14,118,36,1.1818687430478318
14,97,24,1.0544123099740457
14,44,17,0.8759733036707453
14,89,14,0.45189098998887656
14,83,9,0.38932146829810904
14,54,2,0.03476084538375974
14,45,0,0.0
14,56,0,0.0
14,106,8,0.0
14,65,0,0.0
14,124,0,0.0
14,127,0,0.0
14,120,0,0.0
14,122,0,0.0
14,112,0,0.0
14,25,0,0.0
14,41,0,0.0
14,43,0,0.0
15,39,8102,526.8926257933398
15,69,4009,264.28439006302244
15,96,3901,259.05939549691806
15,109,3667,238.15603195468535
15,59,2895,190.92394327030627
15,61,2800,183.71686132740282
15,3,2647,176.89709433246153
15,23,2180,142.66570135399755
15,7,2043,133.74582869855143
15,38,1675,113.56271628970342
15,10,1719,112.77866611049517
15,20,1629,108.16843276154934
15,70,1524,102.11918471504123
15,54,1557,99.19632925472953
15,126,1387,91.04830985045157
15,89,1269,83.01255781277457
15,85,1203,80.8359761437057
15,116,1255,79.05880271008213
15,4,1218,77.37416573971085
15,72,1161,76.45007610795611
15,101,1169,76.39275120504368
15,77,1134,74.67361395702822
15,60,1136,74.56468725934705
15,6,1103,71.73479792361917
15,35,1018,68.1152134850679
15,56,1007,66.7234427141271
15,87,925,60.96279817080731
15,37,917,60.56497960697096
15,103,938,60.43172969966687
15,58,926,60.30620442466956
15,55,883,59.37687173782761
15,2,834,56.461268693609775
15,5,794,53.13050380051895
15,81,742,49.989957977999886
15,90,735,49.36307435612178
15,71,729,48.63710746983788
15,83,739,47.82258064516122
15,16,703,45.096403411197954
15,57,696,43.37863830181702
15,49,669,43.179290120335686
15,44,613,40.45979450851826
15,100,582,38.35036004917749
15,95,625,38.30645161290328
15,120,574,37.55193679251445
15,34,525,33.86285687801262
15,78,489,31.308826046034262
15,0,456,29.80818058712594
15,24,416,27.394220073586137
15,80,439,27.20194155121836
15,32,428,27.046718576195712
15,106,421,27.000029272290956
15,52,426,26.43742088911061
15,53,398,25.87944938820915
15,33,397,25.447719688542758
15,107,372,24.427604746013955
15,18,368,24.0972875844957
15,98,369,23.79780953195869
15,125,358,23.683722654801613
15,115,337,21.684974045235467
15,51,320,20.72295240325513
15,27,302,19.198210429889418
15,104,287,18.078799676408106
15,14,254,15.930766695505342
15,25,207,13.805403439719374
15,41,202,13.433618372265457
15,12,186,12.215954234864153
15,86,208,11.96766248212297
15,30,213,11.77233963663329
15,36,183,11.396209463506487
15,119,186,11.212855553789923
15,99,170,10.755414512857412
15,102,161,10.295003707823518
15,121,163,10.246427654659024
15,31,161,10.20742000916052
15,84,155,9.944761856608363
15,79,155,9.262428339180289
15,76,143,8.693371422793014
15,75,134,8.424215311698992
15,15,144,8.398220244716356
15,127,136,8.268643646604975
15,82,135,7.876807563959967
15,64,124,7.529733892359028
15,73,165,7.322951427512046
15,117,98,6.234705228031143
15,13,85,5.622778697197423
15,112,97,5.561735261401557
15,8,82,5.241257223473235
15,122,85,4.9906642300969315
15,123,78,4.930246570263253
15,111,86,4.853878046314089
15,94,86,4.634779384501301
15,29,73,4.348967989123717
15,48,66,3.848522167487684
15,50,68,3.8306451612903203
15,91,55,3.5483870967741917
15,21,46,2.875417130144605
15,19,48,2.7278987234493366
15,45,45,2.4829175274114093
15,63,54,2.443190846972828
15,110,42,2.298305306549762
15,22,34,2.1456921832338978
15,11,36,2.13621195267469
15,28,44,1.5989988876529482
15,17,21,1.164488320355951
15,9,19,1.1086880159241264
15,40,24,1.060205784204672
15,26,19,0.9346805092077616
15,88,21,0.695216907675195
15,1,12,0.4518909899888767
15,65,6,0.23173896922506493
15,47,4,0.19366756713808997
15,124,6,0.13904338153503895
15,68,5,0.13904338153503895
15,92,4,0.06952169076751948
15,46,2,0.05959002065787384
15,66,26,0.0
15,113,0,0.0
15,108,0,0.0
15,105,0,0.0
15,97,0,0.0
15,74,0,0.0
15,67,0,0.0
15,62,0,0.0
15,43,0,0.0
15,93,1,0.0
15,42,22,0.0
15,114,3,0.0
15,118,4,0.0
16,72,7971,540.6641437345955
16,115,3936,258.36417858924307
16,52,2801,186.22482582987493
16,117,2558,164.95985878029222
16,57,2307,154.3064153407155
16,19,1985,126.70038468669043
16,93,1882,126.37305339265592
16,13,1791,114.63717856441491
16,60,1680,113.3886789919832
16,37,1737,109.51751946607217
16,108,1664,109.51538033712507
16,8,1451,95.60101501668711
16,17,1490,95.2838223025574
16,73,1440,94.0198103713117
16,77,1502,92.64081302457022
16,51,1417,91.4870689655165
16,124,1368,90.17797552836694
16,33,1377,90.12436298729811
16,105,1348,89.63358409929232
16,43,1414,86.51279199110031
16,40,1251,84.4021134594008
16,29,1279,83.39882478115895
16,100,1192,79.88042269187869
16,63,1117,75.66706491437523
16,79,1145,73.58603576623517
16,121,1149,73.16164786270528
16,55,1052,71.12548425453552
16,44,1116,68.64108268446475
16,81,1072,68.30301642347702
16,103,961,64.68324848121779
16,7,971,62.77399725184874
16,50,908,60.759176863182105
16,35,965,58.05061179087946
16,94,865,55.30740174267768
16,15,858,55.18510905837386
16,65,790,52.12995059109641
16,119,757,50.71221109875199
16,110,805,50.36642020545724
16,53,739,50.160329035004075
16,20,854,50.0655490227235
16,127,786,48.955910607745935
16,87,672,45.67746741921721
16,39,719,44.140480163144574
16,114,665,42.43939626404835
16,89,599,39.956896551724505
16,83,565,38.04035134824121
16,109,581,37.397875033562286
16,4,533,35.70658010816607
16,111,531,35.68740171071295
16,123,538,32.73081201334797
16,82,469,31.469260717036214
16,96,465,30.184000741564695
16,54,468,30.07347907931905
16,49,447,28.331918505942305
16,101,478,27.970893585465475
16,97,400,26.98986528241265
16,6,406,26.304226918798605
16,85,342,22.806137253953743
16,18,354,22.565781903264156
16,45,352,22.4346496106785
16,56,352,22.4091583240638
16,42,331,22.13864764268
16,58,332,21.92494584626198
16,12,375,21.800015890672242
16,28,366,21.713941416388643
16,11,342,20.545977011494216
16,102,275,18.34514343783907
16,23,290,17.400870247987974
16,30,268,16.99537948147515
16,91,241,16.01223581757507
16,27,238,14.69361381927632
16,99,239,14.395475259248641
16,9,190,12.545642501329956
16,90,193,12.020932349074746
16,86,185,11.874966894432958
16,74,197,11.568409343715233
16,116,176,10.06326473859844
16,62,153,9.77233157614741
16,98,146,8.991472005932518
16,24,137,8.636138919787413
16,107,139,8.535124497304698
16,88,132,8.428677366385939
16,36,116,7.782833416439743
16,70,120,7.068038561364474
16,0,114,6.496415770609324
16,1,106,6.4655172413793025
16,104,99,5.5815986016208425
16,46,83,5.3772353897492975
16,16,79,4.782099157794372
16,84,79,4.777133322739551
16,75,77,4.4215795328142375
16,80,79,4.260686477037976
16,76,68,3.9163885799035962
16,48,59,3.534910584410029
16,10,62,3.4152530589543963
16,122,52,2.9795010328936913
16,113,50,2.624443826473862
16,34,42,2.2710418984056355
16,22,43,2.113459399332592
16,21,30,1.8145161290322585
16,112,55,1.8075639599555078
16,26,23,1.4014109244189457
16,41,29,1.2977382276603635
16,106,26,1.1123470522803116
16,126,19,1.063272917620886
16,32,13,0.7150802478944859
16,69,22,0.6256952169076754
16,25,11,0.6004146020831227
16,14,12,0.5098257322951428
16,47,12,0.4574975779539991
16,92,5,0.20856507230255844
16,3,6,0.13904338153503895
16,71,4,0.09269558769002598
16,67,3,0.023173896922506494
16,64,0,0.0
16,5,2,0.0
16,68,0,0.0
16,66,0,0.0
16,120,0,0.0
16,78,0,0.0
16,125,0,0.0
16,95,0,0.0
16,118,0,0.0
16,2,0,0.0
16,31,0,0.0
16,38,0,0.0
16,59,0,0.0
16,61,0,0.0
17,47,7828,532.3275862069576
17,95,3611,241.3019182739852
17,87,2974,194.88027633043106
17,92,2423,161.23511417915432
17,117,2354,160.92892014054712
17,118,2119,141.8925511777229
17,0,1990,135.56436976757615
17,100,1976,129.72151597012675
17,42,1929,128.52243233221887
17,53,1829,122.7565885171532
17,66,1819,120.9377378373611
17,10,1794,118.0813043299148
17,35,1718,117.69079579947449
17,55,1601,105.69521690767792
17,97,1548,99.55119886293528
17,103,1457,98.92646922506643
17,65,1428,95.27513209121086
17,64,1364,93.42831488848151
17,20,1353,88.53587319243515
17,72,1333,86.72334339742662
17,88,1248,82.83875358585584
17,69,1182,79.79529409094002
17,21,1172,77.66317733990158
17,2,1125,75.0875155401425
17,36,1184,73.46704671857692
17,83,1100,72.62821263392047
17,79,1091,71.35569255354123
17,19,1049,70.25798867428462
17,46,936,63.509168035030925
17,15,970,62.729421579533515
17,52,952,62.23060344827664
17,18,943,61.92736081025665
17,126,905,60.28744460335128
17,45,900,59.318467888296446
17,84,867,58.41733870967827
17,14,887,56.74823878383419
17,48,850,55.61952516685156
17,93,823,54.44591212458363
17,63,752,50.591666178795386
17,39,669,45.5199063774569
17,99,700,45.212997080088705
17,78,685,44.630442555219894
17,61,630,42.41319720324209
17,123,627,39.83013533555812
17,49,576,36.729339183454805
17,30,519,34.9533106960951
17,90,516,34.773286107370836
17,121,505,33.63279988517723
17,22,498,33.083811945245195
17,120,499,32.69291587602793
17,24,468,31.259269558768967
17,107,470,30.264056021842265
17,58,443,27.93729143492767
17,124,401,27.25603778209322
17,105,406,26.428416397623458
17,26,370,24.65818502039299
17,1,367,24.65702632554704
17,33,364,23.468104657348697
17,85,330,21.352639296187576
17,102,319,20.3918096130203
17,59,346,20.014522308738115
17,17,297,19.6297390619206
17,73,294,19.611008465149617
17,62,277,18.40669526987661
17,4,260,17.331441500657228
17,115,258,16.97322421738435
17,54,242,15.943089323233918
17,125,214,13.713599155757091
17,3,204,13.672019836855748
17,122,200,13.00055617352612
17,51,198,12.708565072302584
17,5,199,12.65989988876532
17,77,193,12.555102377126873
17,116,185,12.279800685568983
17,34,180,11.925531292078915
17,89,178,11.473561894168125
17,108,163,10.376112347052285
17,94,162,10.171558141524777
17,6,141,9.244142236894044
17,81,133,8.992453950717366
17,82,136,8.918830752117733
17,96,163,8.840841675936238
17,41,123,7.478216536892848
17,113,113,6.991386440774646
17,11,109,6.908718020022257
17,13,106,6.430756395995549
17,40,94,6.274673384370434
17,114,107,6.196120689655173
17,57,94,5.909343715239143
17,112,90,5.780599843447448
17,70,81,5.31029847979236
17,50,76,5.086118615039639
17,127,72,4.657953281423807
17,12,74,4.484149054505
17,101,67,4.4833933839531825
17,7,88,4.240823136818692
17,106,59,3.564145346681502
17,86,54,3.47381752672051
17,109,53,3.2249093975384846
17,75,48,3.067065257693733
17,8,49,2.8667473663547742
17,44,85,2.8503893214683016
17,9,41,2.4610678531701904
17,104,37,2.095582393135231
17,68,22,1.363522193117801
17,32,23,1.277139208173691
17,80,19,1.2022718479469938
17,16,14,0.8044652788812966
17,29,8,0.46549305992165224
17,27,6,0.23173896922506493
17,98,6,0.13904338153503895
17,37,5,0.10428253615127922
17,38,0,0.0
17,43,0,0.0
17,56,6,0.0
17,28,2,0.0
17,31,0,0.0
17,71,1,0.0
17,25,1,0.0
17,60,4,0.0
17,111,1,0.0
17,23,25,0.0
17,67,0,0.0
17,74,0,0.0
17,91,0,0.0
17,76,0,0.0
17,119,0,0.0
17,110,0,0.0
18,114,8196,559.4028576352262
18,92,6637,455.06291713014883
18,49,6266,418.6258541236085
18,121,5936,403.6499668795424
18,61,4400,297.9274357128848
18,34,3769,258.7370564337005
18,84,3593,243.05000347608737
18,123,2473,165.04069191462727
18,103,2275,150.1162908281933
18,71,2105,145.01355672969765
18,33,2164,142.36918686306993
18,85,2019,138.00348103430434
18,72,1987,134.80454473224236
18,56,1947,132.79164349276851
18,67,1915,126.32333027034724
18,8,1822,124.88595318143537
18,42,1137,77.58531176748559
18,53,1011,69.41546878505856
18,105,965,65.89650439022128
18,1,971,65.47916245323115
18,14,927,63.36473075317365
18,4,933,62.40030293706972
18,12,796,51.90557258742767
18,30,730,49.42554664467911
18,24,722,48.70501367259952
18,55,738,48.060344827586356
18,75,713,47.138729022585494
18,83,692,46.25646142773043
18,110,625,41.99215458253285
18,126,616,41.23879597537695
18,118,628,40.44809548146567
18,62,577,38.247076331058345
18,82,563,37.11989601429808
18,100,547,35.82485830817312
18,78,504,32.62830793905367
18,44,468,31.41656238413063
18,88,430,28.383298954969792
18,25,378,24.7910319034031
18,94,350,23.724670705674406
18,7,284,18.72554705499887
18,115,278,18.623459195440027
18,35,263,17.454086100395244
18,13,247,16.050043783873342
18,112,218,14.997995056738755
18,117,226,14.638487208008883
18,48,213,14.52257396153099
18,19,214,13.797541003005707
18,77,204,13.627652331305724
18,91,203,13.437173458725198
18,122,207,13.054628599678656
18,52,198,13.01264690235526
18,98,201,12.860812321555178
18,54,178,11.79911336220395
18,104,165,11.21628197997774
18,86,169,11.211425995213562
18,43,170,10.768909899888778
18,6,172,10.510220546835312
18,120,148,10.031087947912253
18,41,125,8.288530465949831
18,87,128,8.204409062796639
18,101,120,8.167483389952812
18,15,135,7.87880084320574
18,93,113,7.574264465011463
18,27,119,7.515534501937012
18,95,108,7.09404429905145
18,116,109,6.931891916944755
18,28,103,6.813983987695527
18,107,100,6.709567343344451
18,18,101,6.551376529477195
18,79,101,6.332608126676708
18,26,82,5.347035922266574
18,58,76,5.119631305549856
18,38,72,4.59339742571111
18,127,70,4.52830472296546
18,39,67,4.407675194660733
18,17,61,3.9379071984744987
18,47,57,3.751894772529234
18,20,58,3.392658509454951
18,37,80,3.2906933629959263
18,16,48,3.2177968328707567
18,0,48,3.184962458286985
18,96,48,3.089017827616272
18,32,45,2.9689851468952417
18,81,45,2.826324120818003
18,63,42,2.70935960591133
18,109,41,2.680155127318643
18,46,41,2.405450500556174
18,90,32,2.087433330481162
18,9,35,2.0282121472781123
18,97,28,1.7759315906562854
18,74,25,1.6458733609734721
18,22,26,1.6035132831573324
18,76,27,1.4136077122728958
18,36,22,1.3054628599678655
18,10,20,1.194421270547522
18,64,16,1.0239429269833422
18,80,17,1.006133358052157
18,89,18,0.9211624026696329
18,50,14,0.8761715325242575
18,70,11,0.6409030867630702
18,108,9,0.5040322580645162
18,3,9,0.38771712158808935
18,125,7,0.29353602768508225
18,119,5,0.26484453625721704
18,99,5,0.15890672175433024
18,51,3,0.06952169076751948
18,29,2,0.06703877324010807
18,45,0,0.0
18,57,0,0.0
18,59,0,0.0
18,2,0,0.0
18,5,0,0.0
18,21,0,0.0
18,11,0,0.0
18,31,0,0.0
18,66,27,0.0
18,23,4,0.0
18,106,4,0.0
18,68,25,0.0
18,65,1,0.0
18,69,0,0.0
18,60,0,0.0
18,111,1,0.0
18,73,0,0.0
18,113,0,0.0
18,102,0,0.0
18,124,13,0.0
18,40,0,0.0
19,99,6732,453.21769558769165
19,15,6123,395.05353170187874
19,109,5732,384.69346282194704
19,13,4971,323.76553658655513
19,74,3558,235.38440147172568
19,98,3224,218.43977585157307
19,116,2542,174.0913969178471
19,114,2495,170.421867919087
19,3,2463,166.80266085123833
19,53,2363,160.9633982662069
19,18,2107,143.76902698905198
19,68,2066,136.43029291805857
19,19,1965,132.4803827924759
19,39,1617,109.8232837324505
19,60,1571,106.59558073785823
19,96,1473,98.82901861607301
19,51,1490,95.68170983632585
19,59,1425,94.90245572003239
19,43,1301,88.2558649756009
19,49,1075,72.65675942618248
19,124,1084,72.10514303104084
19,83,1068,71.83166481275494
19,95,1072,71.24133023620992
19,17,1077,69.80795655303342
19,38,903,60.928809788654
19,87,873,57.83802480258157
19,75,800,51.54024184577866
19,86,750,49.371483613032254
19,61,739,49.3004679528977
19,115,700,46.96267457669005
19,24,676,46.003234588138746
19,20,679,44.70018015185953
19,123,656,44.07407803542426
19,112,708,43.86818687430492
19,50,618,41.36600533159443
19,101,611,39.689369569792085
19,34,600,39.307807895712614
19,127,586,38.35672114315064
19,125,580,38.080101922032334
19,12,560,36.37915585218139
19,56,527,35.74512616357347
19,8,482,32.57119940429667
19,72,512,32.065175903509264
19,46,493,32.01610176884983
19,79,458,28.91357460670586
19,11,436,27.232894098856306
19,64,427,27.216827176394847
19,62,390,25.435238119874768
19,91,345,22.262796869816313
19,9,300,19.45143726948072
19,63,266,17.06786236313994
19,67,267,16.94490664558418
19,7,232,15.215468331647111
19,111,235,14.704095085073975
19,2,201,13.200387365079006
19,121,198,12.712212111818223
19,31,185,11.329718205413425
19,110,173,10.591362197313257
19,119,159,10.24530179731866
19,70,156,10.060323436296725
19,102,165,9.969410456062318
19,94,155,9.819469079758306
19,36,152,9.690601389711508
19,100,148,9.362254356692612
19,113,130,8.193362995921396
19,41,124,8.12107614863974
19,28,106,6.339509176863183
19,73,86,5.758970872986447
19,103,81,5.392702130907984
19,52,87,5.0087218121144765
19,93,71,4.001842324805338
19,89,60,3.871823393514164
19,58,60,3.6776974416017807
19,10,58,3.6718429834318833
19,122,80,3.5224323322209927
19,44,51,3.1748238783833913
19,25,56,3.120751452230872
19,30,37,2.372650523373549
19,16,44,2.3317950876349087
19,26,39,1.9962656920387745
19,92,35,1.9484130996922993
19,40,30,1.6089305577625945
19,81,27,1.439220966766193
19,84,23,1.2893113560521798
19,5,17,1.0980234878508226
19,118,29,0.9733036707452728
19,29,21,0.9733036707452726
19,76,16,0.9572602036450759
19,104,11,0.6771412680756397
19,48,16,0.6535038932146829
19,78,19,0.6256952169076754
19,108,12,0.5757085466864009
19,88,13,0.48665183537263634
19,27,11,0.42375125801154734
19,47,8,0.328296873068842
19,106,7,0.32621716437066833
19,33,7,0.2085650723025584
19,69,4,0.18328445747800587
19,4,6,0.17380422691879868
19,66,4,0.10428253615127922
19,1,2,0.03476084538375974
19,35,1,0.0
19,37,0,0.0
19,23,0,0.0
19,57,0,0.0
19,6,6,0.0
19,71,0,0.0
19,120,1,0.0
19,42,0,0.0
19,45,0,0.0
19,54,0,0.0
19,82,4,0.0
19,65,2,0.0
19,14,0,0.0
19,126,1,0.0
19,32,3,0.0
19,85,1,0.0
19,0,0,0.0
19,21,1,0.0
19,105,25,0.0
19,80,0,0.0
19,77,0,0.0
19,22,4,0.0
19,90,0,0.0
19,117,0,0.0
19,107,0,0.0
19,97,0,0.0
19,55,0,0.0
20,25,6078,412.500567523988
20,54,4595,312.19763582110517
20,110,4416,295.5755102568771
20,127,3838,258.649260213038
20,70,3731,245.5458171915201
20,68,3559,238.0932517612225
20,62,3346,216.51931264623934
20,103,2743,186.72238701438192
20,35,2615,177.8562257103247
20,23,2133,143.29718205413553
20,94,2025,132.3750926955884
20,26,1702,113.62741008528063
20,116,1745,113.17551909529251
20,74,1501,99.92584352984777
20,39,1357,88.8016254619824
20,113,1239,84.26933655355317
20,84,1179,80.41995017938453
20,57,1214,79.72850492316468
20,64,1098,74.18356076391555
20,4,1053,69.41879866518327
20,37,1052,69.3921276165436
20,14,928,62.00900305895443
20,8,901,58.99258174184141
20,46,883,57.97143430972713
20,36,845,57.36929922135709
20,75,873,57.15172570461706
20,16,852,56.26042825361566
20,38,823,55.84639325277679
20,106,827,55.74695477828512
20,66,817,54.6475250278087
20,121,1007,54.04616240266918
20,6,850,53.18258209604898
20,99,821,52.1316788769135
20,124,770,50.503961317563984
20,65,830,50.33370411568384
20,28,735,47.64921882900166
20,15,733,47.56722028307352
20,50,720,47.16872914349271
20,27,682,43.85870664374529
20,79,634,42.50521841826969
20,11,609,40.15006385696024
20,122,596,39.395335094549445
20,9,586,37.408231368186826
20,40,537,35.42656824080641
20,3,545,34.27721623059427
20,111,519,34.02138740014162
20,82,483,32.88471208496522
20,78,460,30.334631071561077
20,2,426,28.29006134762541
20,101,434,27.817018909899815
20,18,408,27.54916040654007
20,24,376,25.376286151279132
20,53,364,23.706896551724192
20,22,344,23.164055952580554
20,109,348,23.132487828005626
20,72,349,23.06188975404778
20,98,308,20.56362861808635
20,5,309,19.775444938820904
20,45,288,19.028402770755356
20,20,284,18.602266407118996
20,51,254,16.771683984915445
20,91,243,16.44316730523631
20,83,241,16.04473720800888
20,30,247,15.375880608083023
20,117,228,15.123415688793532
20,44,182,12.150340086434822
20,47,173,10.892384339406862
20,102,165,10.524259759521158
20,42,147,9.875240165840825
20,19,138,9.284572843065074
20,29,135,8.865214222699551
20,87,135,8.643863552094922
20,0,133,8.526062909405514
20,123,117,7.785463786923753
20,10,106,6.849173979318586
20,114,106,6.270856507230261
20,77,92,5.708723979024308
20,115,87,5.214126807563962
20,85,69,4.387888251903826
20,118,63,4.204407013083319
20,61,55,3.6069488974677713
20,59,62,3.5406403940886695
20,21,57,3.459090347299469
20,17,42,2.7391546162402665
20,92,41,2.500794533608772
20,76,37,2.3963526002828934
20,90,46,2.3800955309821377
20,32,39,2.3411899107116025
20,43,43,2.1030311457174653
20,126,36,2.0369855394883216
20,56,32,2.033224529987783
20,88,33,1.906053021876159
20,67,35,1.6916944753429735
20,81,39,1.6859010011123483
20,13,27,1.6721796147766534
20,55,28,1.1818687430478314
20,100,22,1.1818687430478307
20,80,19,1.1471078976640714
20,69,14,0.8683395493903903
20,52,17,0.7821190211345941
20,108,11,0.652731429983933
20,89,10,0.3665689149560118
20,41,8,0.3649888765294773
20,48,10,0.3476084538375975
20,95,7,0.3356219554294044
20,105,6,0.2873563218390805
20,107,3,0.09269558769002598
20,104,3,0.09269558769002598
20,125,2,0.05214126807563961
20,58,25,0.0
20,1,0,0.0
20,7,0,0.0
20,96,26,0.0
20,33,10,0.0
20,119,3,0.0
20,63,0,0.0
20,86,0,0.0
20,93,0,0.0
20,71,0,0.0
20,73,0,0.0
20,112,0,0.0
20,97,0,0.0
20,120,0,0.0
20,12,0,0.0
20,31,0,0.0
20,34,0,0.0
20,49,0,0.0
20,60,0,0.0
21,73,7528,487.82066879865465
21,60,5220,350.77240017251927
21,46,5208,334.79084948188273
21,113,3328,224.0121785644125
21,25,3254,218.22343756436803
21,117,2599,178.75829110534252
21,10,2367,161.32034945875867
21,35,2387,159.52269661325778
21,86,2111,144.20319452168934
21,127,2040,139.91837718993057
21,122,1660,107.50525274996915
21,49,1589,106.69107650475964
21,7,1572,105.84150739879291
21,40,1591,105.73007706976072
21,103,1368,92.26335313046238
21,84,1364,91.54527489172368
21,45,1375,89.7465437788018
21,37,1273,83.4730583000727
21,87,1200,82.1436020181149
21,48,1217,81.47942157953354
21,9,1181,80.57672587597321
21,64,1222,78.53247435422067
21,118,1134,76.0585918878117
21,94,1036,69.65387989785184
21,110,1131,68.06173526140196
21,33,959,65.68880035318135
21,28,970,64.61867352614023
21,111,935,63.94156352443286
21,114,829,56.61401122775314
21,112,832,54.947884480698555
21,98,820,53.97249899415381
21,96,856,51.46343159065672
21,116,738,48.79519812779039
21,62,688,45.4496542051556
21,0,674,45.328878059689856
21,125,681,44.984099141496166
21,43,705,44.040335822871796
21,102,625,42.4592863598444
21,79,668,41.72966049914616
21,105,625,41.549491610396586
21,5,609,40.52617988240893
21,65,618,39.04906967337432
21,22,584,37.513469827586164
21,123,396,27.09064759454961
21,32,399,26.761505839821975
21,21,421,26.68308702791451
21,41,389,25.293722380682315
21,82,368,24.287511297274825
21,39,372,24.029967938231977
21,23,335,22.76375573094153
21,34,335,22.644053271468994
21,100,346,22.092784253034697
21,47,319,21.31220018770864
21,2,333,21.080872686823692
21,69,308,20.469172095979662
21,24,334,20.300333704115708
21,68,294,20.10908142640113
21,104,307,19.81883162361476
21,77,309,19.687278794620244
21,15,257,17.318257793786156
21,109,263,17.303867678310993
21,92,234,15.642012583058206
21,66,230,15.433272212180242
21,50,226,14.643006117908822
21,14,207,13.840269144365225
21,55,207,13.71547089358545
21,107,199,13.370433293937733
21,13,206,13.262599469496026
21,57,206,13.01141893770856
21,63,194,12.923716410046248
21,51,179,11.786409502621977
21,106,168,11.319050999164647
21,8,141,9.419282294336721
21,11,129,8.534396194647739
21,26,134,8.47346725119413
21,67,132,7.690837041156838
21,44,128,7.598693749648335
21,38,113,7.525384885064678
21,6,106,6.681034482758618
21,53,113,6.415858890831073
21,70,93,6.312136701826069
21,20,95,5.741332962550974
21,76,99,5.533181709836326
21,115,116,5.5095939933259235
21,12,118,5.399517982944013
21,91,74,4.83101791588763
21,1,78,4.758373501421339
21,85,70,4.263997033741193
21,83,66,4.192368625071628
21,108,66,4.131402040915023
21,124,67,3.694581280788177
21,88,81,3.638301816833526
21,89,65,3.4451860091459645
21,16,57,3.1053021876158686
21,4,57,2.9430849091583244
21,17,48,2.9199110122358176
21,52,42,2.332838956865653
21,75,42,2.2743524551088514
21,95,29,1.6766996008637054
21,90,28,1.33829254727475
21,19,21,1.2803578049684836
21,71,26,1.2374860956618468
21,58,21,0.9385428253615128
21,101,14,0.7230255839822025
21,97,8,0.3649888765294773
21,81,6,0.13904338153503895
21,30,3,0.09559232480533927
21,31,3,0.09269558769002598
21,18,2,0.05561735261401558
21,61,24,0.005561735261401555
21,74,0,0.0
21,78,0,0.0
21,3,0,0.0
21,59,0,0.0
21,99,1,0.0
21,72,1,0.0
21,80,3,0.0
21,119,0,0.0
21,120,0,0.0
21,93,0,0.0
21,121,0,0.0
21,126,0,0.0
21,27,0,0.0
21,29,0,0.0
21,36,0,0.0
21,42,0,0.0
21,54,0,0.0
21,56,0,0.0
22,96,4747,322.7070482354074
22,10,3848,258.0006313321012
22,108,3214,208.55043615714547
22,119,2588,172.93717337923147
22,82,2539,158.80144605116644
22,39,2322,151.0120894561233
22,53,2220,144.43627840457611
22,76,2167,142.2664843653454
22,124,2151,132.62842552330474
22,95,1962,130.2141268075649
22,83,1810,123.70771445396707
22,2,1719,116.0063469214151
22,86,1701,114.5354741983851
22,50,1627,110.52712890866509
22,13,1594,107.03541452985161
22,23,1630,101.40235181948177
22,32,1385,92.06409899888887
22,123,1330,90.73275862069049
22,9,1367,87.12557603686723
22,33,1224,82.57142081988182
22,14,1212,79.44213377182476
22,120,1167,78.98727344107763
22,98,1145,75.60294266356615
22,105,1129,72.0672542140835
22,116,1074,71.69076751946537
22,107,1123,70.93529847979231
22,61,1159,70.0952447163519
22,73,1046,70.08292041662385
22,26,1071,69.38264738598474
22,48,1014,68.43038317428761
22,41,949,62.54722228052118
22,78,912,58.67978309232532
22,62,891,58.018524856678305
22,90,864,57.043540441759994
22,80,820,54.042326723179514
22,40,756,50.584348106083056
22,56,756,48.6484983314794
22,69,750,48.33147942157985
22,20,641,42.78785639014129
22,71,636,42.42469703178984
22,109,606,40.97201497598985
22,88,602,40.615080441683425
22,51,607,40.47095010716533
22,16,584,39.870689655172576
22,19,599,39.20488577051413
22,68,603,38.62426505641179
22,113,570,37.541713014460186
22,15,549,36.176202069385134
22,36,509,33.955138646114875
22,57,507,33.80299097762917
22,70,486,32.52060037468549
22,103,477,31.959629941127183
22,64,493,31.649749721913125
22,74,511,31.033878222179087
22,43,424,28.567926350916387
22,66,399,26.201952787047187
22,121,349,23.670306188162375
22,45,362,23.426492398961692
22,110,351,23.101352549531647
22,112,361,22.877430861877173
22,94,340,22.57288040102272
22,127,317,21.40920467185756
22,27,330,21.39530033370408
22,97,313,20.086206896551676
22,84,294,19.629368549033774
22,31,274,17.884454949944438
22,101,272,17.160880510508793
22,58,260,17.15640835496231
22,3,261,16.95275895776451
22,99,258,16.60470698436865
22,60,252,15.148003955011786
22,8,233,14.534668149796111
22,89,223,14.365376734383263
22,102,255,13.695773081201404
22,92,166,11.194821731748739
22,34,176,10.910560344827601
22,1,163,10.765799718986024
22,118,159,10.57434992181328
22,38,196,10.539488320355995
22,63,156,10.22355085897912
22,25,155,9.888219052915936
22,29,144,9.731491780991224
22,67,152,9.577635281031203
22,77,161,9.117273160654682
22,35,148,8.891824249165746
22,37,122,8.223189164431055
22,55,125,8.041342232109749
22,111,125,7.850985221674873
22,87,131,7.690837041156826
22,42,122,7.643296473205509
22,126,116,7.629559909871362
22,54,116,7.6234129876107515
22,81,114,7.291598508146295
22,4,123,7.204185205784192
22,7,111,6.541359085852975
22,114,99,6.221198156682035
22,30,101,5.392896869537576
22,115,98,5.297552836484993
22,72,81,5.193527788077283
22,100,104,4.970800889877647
22,18,73,4.793204570735158
22,59,74,4.593397425711106
22,22,75,4.356692621431217
22,85,70,4.1278503893214715
22,65,60,3.456221198156682
22,5,65,2.8851501668520605
22,21,45,2.6578677162659377
22,6,38,2.315607084795072
22,91,47,2.2768353726362647
22,0,35,1.7554226918798674
22,122,23,1.282288963045359
22,12,26,1.1123470522803116
22,47,18,0.8203559510567298
22,117,12,0.19697812384130517
22,52,4,0.16685205784204676
22,17,0,0.0
22,28,8,0.0
22,46,2,0.0
22,75,1,0.0
22,11,0,0.0
22,44,1,0.0
22,79,0,0.0
22,24,0,0.0
22,49,0,0.0
22,125,0,0.0
22,106,0,0.0
22,104,0,0.0
22,93,0,0.0
23,2,7571,511.1069177393394
23,40,4222,280.6262359411718
23,28,3306,223.25282652365937
23,122,2972,197.06741150298018
23,12,2710,181.1462627320051
23,97,2288,142.8938136390852
23,114,1725,115.05158236820886
23,100,1682,110.50788755182667
23,86,1587,107.34558005627194
23,47,1619,105.83921748803323
23,7,1430,93.90642380422825
23,16,1390,91.02843028201161
23,42,1374,88.0459420320285
23,67,1320,87.84535369629984
23,89,1331,87.33745166587124
23,85,1249,82.43829622011873
23,29,1259,82.13663329625462
23,61,1235,82.10789766407268
23,98,1214,81.31155213109439
23,22,1240,78.99102450999294
23,55,1176,77.20218231897813
23,49,1154,75.84121245828686
23,73,1158,74.5272525027811
23,24,1097,70.50426399703368
23,21,1032,69.73233111417458
23,50,1026,66.56006674082387
23,26,988,65.30838663329624
23,18,984,64.44313125695308
23,92,1004,63.856136447904646
23,54,952,62.986651835372015
23,79,940,60.575738916255645
23,125,889,59.77502235599471
23,39,867,58.112891638857796
23,116,895,57.51374984550753
23,8,879,57.34612532443519
23,4,773,51.62735283212289
23,23,772,49.7440571828778
23,69,742,48.45098157111459
23,58,749,48.31757508342577
23,19,714,47.92742350538794
23,90,726,47.35199604498794
23,94,664,43.493032090162906
23,13,669,43.47092006991877
23,30,637,42.270926028921245
23,25,588,37.75414040291697
23,1,556,37.52780867630699
23,82,549,36.667284637250894
23,111,561,35.43752317389686
23,78,539,35.05051909529118
23,96,531,34.71586076032181
23,9,509,33.33758188110262
23,37,495,33.119303371905694
23,68,510,31.889857042804927
23,3,478,31.786310185921046
23,63,469,30.656284760845303
23,99,447,28.976640711901936
23,41,421,27.54764203412587
23,64,380,25.172986324674373
23,115,391,25.013904338153385
23,71,381,24.754207183608965
23,87,382,23.60261401557277
23,56,365,23.454880422691808
23,109,361,23.38326109470292
23,0,339,21.9106063794606
23,51,333,20.78163771712164
23,52,305,20.44227382276597
23,38,260,17.18151340996173
23,81,268,17.1602706711161
23,102,258,16.955113524831543
23,120,243,15.403399610678575
23,46,230,14.140215318607998
23,5,211,13.76529477196889
23,126,216,13.467344668679504
23,59,207,13.433135582746296
23,101,206,13.359751575825015
23,117,204,13.356854838709662
23,95,205,13.16172009303268
23,45,204,12.773451983685613
23,75,179,11.61321221109877
23,66,179,11.59748205076349
23,62,176,11.421741002547634
23,65,170,10.964563801048774
23,48,160,10.33370411568408
23,104,146,9.66351501668518
23,53,147,9.237694660734162
23,113,150,9.111203806698805
23,32,137,8.590894644843477
23,36,129,8.064516129032272
23,33,133,8.029755283648509
23,20,110,6.83795487049102
23,70,120,6.753535674559027
23,83,119,6.693945653901148
23,121,106,6.524739422403489
23,103,107,6.402315704317935
23,72,96,5.9829549172282865
23,14,90,5.5791156840934395
23,60,86,5.471357063403781
23,17,85,5.46814836998375
23,110,82,5.217437364267178
23,6,79,4.990925589836657
23,76,81,4.896313364055298
23,15,72,4.042189734625773
23,43,67,3.970461006056108
23,124,58,3.540640394088669
23,108,50,3.024193548387095
23,107,47,2.8596588802373035
23,11,60,2.711345939933261
23,77,38,2.2177419354838714
23,10,32,1.9626508085907433
23,31,29,1.819730255839822
23,84,29,1.2513904338153508
23,127,37,1.0428253615127927
23,118,26,0.7994994438264742
23,35,2,0.04634779384501299
23,93,1,0.0
23,106,0,0.0
23,74,0,0.0
23,57,0,0.0
23,119,0,0.0
23,123,0,0.0
23,105,3,0.0
23,112,1,0.0
23,80,0,0.0
23,88,0,0.0
23,91,0,0.0
23,27,0,0.0
23,34,0,0.0
23,44,0,0.0
24,6,6474,430.2673468605064
24,90,3535,220.6916415064233
24,115,2702,180.39575222470188
24,56,2590,174.02742813653154
24,49,2626,171.63590175269624
24,104,2506,165.89313796939481
24,9,2483,163.6832143241606
24,43,2116,137.8344765789161
24,63,1988,132.79923599321174
24,103,2019,129.22446509192815
24,38,1885,122.75112443778508
24,25,1872,119.58078420466983
24,0,1662,104.24082313681667
24,32,1533,102.92884951533478
24,14,1627,98.9119855394875
24,74,1451,97.60348800254252
24,40,1346,90.36081757508475
24,53,1220,77.16907675194614
24,124,1130,76.31091838153469
24,58,1130,75.43997298585728
24,127,1114,75.0665421897347
24,68,1201,73.71616611049336
24,99,1143,72.04764553207295
24,65,1089,69.62780282184839
24,67,1049,68.21468298108965
24,107,1015,67.07368456534145
24,30,1004,66.59453791249538
24,85,972,64.03692594946713
24,15,1114,63.751390433815
24,121,960,62.238378900532176
24,24,931,62.13278286415097
24,33,921,61.07287418118918
24,116,849,56.074510398759166
24,79,848,55.78756089141245
24,23,829,55.346781709406294
24,120,865,55.241117581626895
24,76,812,53.829872698059006
24,92,815,53.357125200839924
24,96,814,51.67894883203589
24,114,743,50.60667898972707
24,123,759,49.62385106258393
24,118,788,49.59986404647099
24,12,742,48.62744319084643
24,113,600,39.71528822875087
24,78,599,39.4748022494131
24,26,564,37.78708368775766
24,64,548,36.54523544679292
24,112,544,36.311792514558675
24,36,473,31.295623609566356
24,97,457,29.540398422489748
24,69,481,28.939983820406553
24,95,393,26.417156215239284
24,52,387,26.327250866976318
24,16,381,26.021559903160284
24,28,371,24.284461367331296
24,34,357,23.357409133271105
24,50,344,22.692697768762635
24,8,316,20.875296876409177
24,35,315,20.228329095820747
24,73,296,20.1633350781914
24,44,309,20.162835249042107
24,126,316,20.14299514079974
24,7,262,17.79908640319306
24,47,271,17.643611949785466
24,1,254,16.868665801507877
24,110,251,16.629315797509257
24,93,228,15.517139141529777
24,21,275,15.451195773081212
24,51,238,15.391386671465071
24,71,236,14.860261401557342
24,20,220,14.5546556358917
24,37,216,14.25989194342926
24,101,212,14.258464265850968
24,80,212,14.201385377692414
24,100,224,13.879801086174197
24,111,201,12.230851740028646
24,61,201,12.030563059484065
24,94,177,11.807100482017033
24,19,207,11.447905079718216
24,108,175,11.395423019040779
24,11,192,10.940976084538377
24,39,162,10.73458356507231
24,91,140,8.072240761339769
24,46,112,7.554349604135307
24,105,114,7.209978680014828
24,70,113,7.193665476260161
24,59,115,7.0848923045808565
24,117,113,6.938264738598451
24,54,113,6.456827030033363
24,66,102,6.379637505725305
24,122,100,6.096517498074782
24,41,90,6.075480108617416
24,75,107,5.954036230732558
24,125,94,5.680915302717302
24,4,87,5.474833147942156
24,22,74,4.992782012693844
24,55,81,4.796996662958842
24,62,75,4.518909899888767
24,84,86,4.397246941045611
24,17,66,4.112079265026983
24,102,65,4.109958777726891
24,89,97,4.078605858361148
24,60,82,3.781979977753059
24,42,69,3.691601779755282
24,106,62,3.458704115684097
24,77,50,2.586206896551724
24,3,36,2.278172328227946
24,109,35,2.2478680014831283
24,98,41,2.2373344119729004
24,18,42,2.196885428253615
24,57,38,2.187259347993498
24,27,29,1.2513904338153505
24,2,19,0.5909343715239156
24,29,11,0.5492213570634038
24,45,9,0.2780867630700779
24,48,0,0.0
24,5,0,0.0
24,31,0,0.0
24,87,1,0.0
24,72,0,0.0
24,82,0,0.0
24,81,0,0.0
24,86,0,0.0
24,83,0,0.0
24,88,0,0.0
24,119,1,0.0
24,10,26,0.0
24,13,0,0.0
25,89,2861,190.11266999175106
25,105,2331,153.09032828499437
25,64,2182,145.87968112717613
25,109,1993,135.78371129211854
25,127,2043,135.76646724589114
25,65,2033,134.87208008898622
25,125,1943,130.74780802198734
25,57,1876,127.15403271394125
25,123,1820,123.80331515891653
25,18,1833,117.38470094977146
25,76,1632,110.70170559881454
25,44,1620,108.32075321786219
25,26,1503,101.93561842908068
25,62,1569,101.00292595637856
25,107,1371,91.12709621098033
25,21,1380,90.17230683665511
25,1,1331,88.86192112192296
25,102,1277,86.37122054808319
25,120,1271,85.02639097908366
25,6,1173,80.02826628743685
25,55,1234,79.60233592880944
25,104,1163,78.83018168335195
25,112,1161,77.95262710200818
25,41,1159,77.00636641185208
25,28,1189,76.56510706340298
25,79,1125,74.81165941955733
25,58,1148,74.47026751034957
25,118,1085,73.38185415488972
25,99,1081,73.33611420096386
25,23,1078,73.26090170512975
25,91,1084,72.61232593176676
25,15,1123,71.87152391546151
25,83,1046,69.59939148073023
25,77,1016,68.55894735359954
25,121,999,68.13917714478805
25,113,1005,67.34156184934841
25,82,981,66.40190489432753
25,95,994,65.46373990424219
25,32,971,65.31190409979395
25,16,992,64.44212207111909
25,75,942,62.854738883659834
25,24,933,62.67891611594664
25,19,946,61.98928296397671
25,98,968,61.51762828263264
25,66,887,59.58187159521963
25,0,829,56.456013010236106
25,42,807,53.742993304107024
25,47,723,49.30430908079731
25,20,711,48.15740256057884
25,80,641,42.777494119149026
25,25,624,41.67904363434144
25,110,603,40.62923796608093
25,12,594,39.78931767620615
25,115,566,37.5096785098909
25,72,555,37.36076614807916
25,36,573,37.31886266323302
25,49,505,33.53808152849548
25,8,506,33.40417924678222
25,61,486,32.66090938180919
25,29,457,30.89729328883956
25,52,462,30.854430379746656
25,103,464,30.603448275862185
25,63,412,27.743104712306724
25,81,403,27.44082736092125
25,122,391,25.9197210993245
25,31,376,25.453117843355248
25,78,371,24.97445482060166
25,33,358,24.003463764238642
25,116,337,22.765491068507444
25,2,336,21.787552618377784
25,34,324,21.46762531845415
25,92,304,20.18261030774935
25,40,310,20.132249616310567
25,45,299,20.012977382276592
25,14,308,19.368367254907902
25,68,281,18.57875709853053
25,51,288,17.38042269187989
25,93,261,16.852875744291072
25,13,224,15.180369186578565
25,108,204,13.687082869855363
25,119,196,13.257624751015312
25,84,201,13.028364849833112
25,17,201,12.882181402759851
25,124,189,12.689098998887635
25,27,154,10.022551693662676
25,4,151,9.992987377279087
25,85,145,9.36130848334885
25,117,142,8.589791125942416
25,86,126,8.407489803485364
25,50,176,7.740081572117164
25,97,106,7.045872225177723
25,53,104,7.040651228637873
25,74,100,6.7010397039794904
25,30,102,6.395995550611782
25,37,85,5.294344143064942
25,67,85,5.051909529106417
25,56,75,4.863621616611047
25,73,71,4.642276821740936
25,10,62,3.7849431973595418
25,35,57,3.6334231016919367
25,59,46,3.0139697703330524
25,87,49,2.9894327030033367
25,106,46,2.7755198083340473
25,126,61,2.572302558398222
25,11,37,2.4308340016038494
25,43,34,2.128136200716846
25,111,35,2.1010999876405885
25,38,55,1.7032814238042284
25,60,40,1.320912124582871
25,7,26,1.2861512791991103
25,101,15,0.9440313798957906
25,71,8,0.3058954393770857
25,39,0,0.0
25,5,0,0.0
25,9,0,0.0
25,22,0,0.0
25,48,0,0.0
25,3,1,0.0
25,54,0,0.0
25,70,1,0.0
25,88,5,0.0
25,69,0,0.0
25,90,0,0.0
25,94,0,0.0
25,114,0,0.0
25,100,0,0.0
25,96,0,0.0
25,46,0,0.0
26,50,7380,486.1923876771578
26,114,6443,432.71013376688904
26,30,3679,239.1649157500199
26,40,3065,207.08339126808613
26,111,2441,162.2880198271005
26,8,2131,141.4567773716843
26,90,2011,138.10649398803156
26,71,2201,136.2045791620308
26,58,1910,130.80156176512298
26,60,1948,127.0914441972579
26,11,1690,115.91713298222572
26,18,1652,109.8960428845299
26,39,1677,109.39701520207488
26,15,1521,102.8921023359299
26,51,1559,102.41427865176729
26,82,1255,85.19938379504693
26,17,1245,83.5274930102522
26,48,1238,80.98407953281533
26,20,1236,80.6767620588537
26,81,1156,79.02123953239486
26,100,1183,77.4993047830933
26,28,1105,74.61111993926312
26,10,1055,70.45435098827828
26,79,994,67.0458215221223
26,7,891,58.90167952181316
26,80,867,58.699226246501155
26,107,854,57.4751861042189
26,62,829,54.898569031503825
26,103,794,54.36596218020092
26,92,782,53.42252017528772
26,49,757,51.89439513291417
26,88,764,51.754696915987296
26,64,743,50.40708812260594
26,66,748,50.37648669461835
26,37,727,49.463973576082275
26,87,738,49.20102524817919
26,47,723,49.08744615568358
26,55,693,46.38080571704408
26,22,718,45.87333879749436
26,75,693,45.04453802284759
26,21,646,43.58182371947716
26,16,626,41.9956922786325
26,105,599,39.10060323436303
26,86,572,38.72434573213216
26,84,576,37.65257192676515
26,4,553,37.445452211859326
26,31,579,37.38335805215666
26,98,546,35.81971421237281
26,74,512,34.32495541783635
26,32,521,34.16862357351795
26,101,537,33.21625477583776
26,125,479,32.84549947368813
26,73,426,28.303198522467465
26,53,416,27.603973550859106
26,61,391,26.393965075833975
26,110,351,23.887440126217285
26,96,367,23.51097178683374
26,108,346,23.49939558693328
26,116,339,22.32237947601362
26,33,317,20.804061042483823
26,42,340,20.75222469410457
26,95,297,19.710565803913397
26,93,245,16.39856250534777
26,3,244,16.144773018238265
26,52,233,15.734821352173952
26,14,246,15.667993677185173
26,94,229,15.471142432680663
26,63,230,15.065929736744568
26,104,237,14.738598442714148
26,13,223,14.198782961460445
26,26,210,14.163761375428365
26,5,214,13.36361389197874
26,121,184,12.429297752219428
26,59,182,12.203730640883007
26,68,178,11.658252759476348
26,35,171,11.653515091339392
26,102,170,11.165325418265192
26,67,153,9.65772154245459
26,34,151,9.535506824160873
26,9,146,9.31590656284761
26,85,137,9.176153776304734
26,27,124,8.241684308730136
26,78,119,6.6653921023359235
26,38,108,6.639321468298118
26,76,94,6.139686666577317
26,29,94,6.053536851645855
26,19,93,5.8267867074527295
26,115,94,5.533926585094552
26,6,90,5.484488938326533
26,117,91,5.283648498331482
26,72,95,4.796996662958846
26,46,81,4.75837350142133
26,113,67,4.157397107897669
26,24,69,4.150853889943071
26,119,89,4.055431961438644
26,91,73,3.5108453837597366
26,77,79,3.4760845383759795
26,118,58,3.417258492341918
26,69,50,3.357981425144406
26,109,51,2.346357063403784
26,2,41,2.3289766407119035
26,70,61,2.050889877641826
26,36,36,1.835372636262514
26,0,38,1.5758249907304414
26,12,30,1.5493405371047206
26,54,24,1.4653033284846413
26,126,33,1.3841136616442515
26,97,23,1.33967194590109
26,57,27,1.1644883203559513
26,83,15,0.9464707374665808
26,99,16,0.4866518353726363
26,1,10,0.34760845383759736
26,23,4,0.16511401557285876
26,89,10,0.0
26,41,0,0.0
26,43,0,0.0
26,65,0,0.0
26,25,0,0.0
26,45,25,0.0
26,44,5,0.0
26,106,0,0.0
26,112,0,0.0
26,122,0,0.0
26,120,0,0.0
26,123,0,0.0
26,124,0,0.0
26,127,0,0.0
26,56,0,0.0
27,39,8197,537.5139043381241
27,96,4058,262.79530165792625
27,69,3839,258.6926507035156
27,109,3574,238.4831384465204
27,61,3060,205.33020696395843
27,59,2494,169.32686046826572
27,3,1964,129.13885799035768
27,10,1869,124.92874026696553
27,7,1832,120.78445747800853
27,23,1815,118.19505332722441
27,20,1677,111.02403343782797
27,126,1685,104.02431272842946
27,4,1533,100.68387389497185
27,6,1520,100.16337597330563
27,54,1588,99.78680014831279
27,35,1522,99.62288721886189
27,77,1410,93.48060344827744
27,60,1386,91.51428416397684
27,101,1190,79.7926058193316
27,89,1181,77.90629634779447
27,70,1144,76.63539553752508
27,56,1144,74.96633686552296
27,72,1123,74.51225762830164
27,58,1153,73.88788088768943
27,85,1090,71.6212458286995
27,95,1033,69.85539488320296
27,116,1058,69.64190535780519
27,55,1000,67.89810494044913
27,0,982,64.92777062232844
27,5,986,64.26495389142111
27,2,925,61.918213219366926
27,83,873,58.70557929863617
27,103,849,56.10786676554209
27,57,876,55.95208668067334
27,49,809,53.14728783615804
27,127,825,51.172053916116106
27,25,746,49.99768261030759
27,71,744,49.02037617554825
27,87,715,47.693121325282355
27,34,697,45.43628723272796
27,44,673,44.827006859473315
27,90,611,40.52266746249218
27,37,613,40.339961067853345
27,120,580,38.34375593477847
27,16,619,38.3284058310402
27,81,515,33.33043659621794
27,100,506,33.096297473383224
27,98,468,29.847231691126236
27,18,447,29.386283905193704
27,80,424,27.399446354535193
27,52,431,27.109597083178897
27,107,414,26.334816462736235
27,51,386,25.19871616611042
27,125,382,24.40943153211179
27,14,360,23.31062291434915
27,106,361,23.308726868237304
27,33,342,22.632718270845665
27,24,310,19.852038663649306
27,115,277,17.824589049561293
27,119,256,16.54384501297735
27,32,258,16.35497775305899
27,78,247,15.5805833642319
27,122,200,13.250016358044915
27,76,200,12.998860522531782
27,99,199,12.87475501880395
27,31,189,12.32714999236627
27,41,182,11.767568540208092
27,75,174,11.361529645734317
27,30,191,10.671579532814238
27,12,167,10.446548796908857
27,36,169,10.333451309535858
27,86,165,9.844271412680756
27,104,165,9.802558398220256
27,11,165,9.395359923724756
27,102,138,9.171776228329563
27,79,136,8.95398481973436
27,27,125,8.172523041474662
27,64,126,8.00317346070796
27,15,149,7.842046718576217
27,53,115,6.653225806451622
27,73,124,6.25695216907676
27,19,99,5.601461941840134
27,38,90,5.170675750834262
27,110,73,4.765395894428156
27,121,72,4.762805667499408
27,84,83,4.352057842046715
27,45,91,4.055431961438641
27,117,63,3.878730997404523
27,13,62,3.6985539488320347
27,48,56,3.566673408163952
27,82,56,3.5584806163226625
27,50,53,3.3866995073891624
27,8,49,3.18219739104055
27,28,55,3.074403658385861
27,94,64,2.9894327030033363
27,29,87,2.885150166852061
27,46,48,2.8272154245457934
27,111,46,2.549128661475713
27,112,48,2.5375417130144604
27,88,50,2.5166852057842055
27,91,32,2.0262676121616616
27,22,33,1.9311580768755414
27,21,41,1.8075639599555064
27,40,25,1.3308437946925162
27,26,24,1.1760752688172047
27,63,21,1.1200716845878138
27,93,20,0.8226733407489807
27,1,10,0.42871709306637007
27,114,20,0.34760845383759736
27,9,6,0.31284760845383763
27,118,6,0.2979501032893692
27,68,7,0.2780867630700779
27,65,5,0.20856507230255844
27,17,7,0.2085650723025584
27,66,0,0.0
27,62,0,0.0
27,74,0,0.0
27,67,0,0.0
27,123,2,0.0
27,124,2,0.0
27,108,0,0.0
27,105,0,0.0
27,92,0,0.0
27,97,0,0.0
27,113,1,0.0
27,42,0,0.0
27,43,0,0.0
27,47,0,0.0
28,72,8173,550.0516446844938
28,52,3409,224.05409605444464
28,19,2998,192.89179335064023
28,115,2331,154.73854694516479
28,93,2178,146.5163741256762
28,57,2178,145.35440613026861
28,117,2268,141.33759733036638
28,60,1824,122.33300410417695
28,37,1811,117.36388780326588
28,44,1768,114.83592880978692
28,13,1653,108.3843159065606
28,73,1539,104.4380762051995
28,43,1504,100.38063125695373
28,77,1513,95.92503575401345
28,105,1420,95.78085820403065
28,108,1354,89.27198521232657
28,94,1271,85.33547811744847
28,81,1272,83.34386692284414
28,124,1297,82.17029338153432
28,17,1222,80.62893956247676
28,8,1266,79.23618835743386
28,35,1236,78.91407119021126
28,29,1242,78.61267421317737
28,51,1147,76.52472937410136
28,50,1182,76.12249346120299
28,103,1181,75.69367198121363
28,15,1116,74.32228338000078
28,79,1091,70.92908109281296
28,114,1108,70.85951357364002
28,55,1049,68.98806481676293
28,33,1042,68.78931571477878
28,63,1009,66.92110819931743
28,121,1049,66.19855394883216
28,100,1044,64.09899888765342
28,110,998,63.01644684570138
28,20,940,60.228958101593825
28,65,903,60.224228734875915
28,40,852,56.617692497837375
28,7,853,55.01096897787612
28,45,771,51.19912930075551
28,53,748,50.28262695512061
28,119,742,49.346496106784805
28,82,693,45.61750293118433
28,109,674,43.74073044123118
28,96,589,39.130537996147524
28,89,572,38.31463063534655
28,127,546,35.21402381246659
28,97,522,35.09281145717458
28,111,505,33.95960789766398
28,123,497,32.8531230557492
28,39,540,32.375716608197074
28,83,475,32.25111234705221
28,54,468,31.25479459936319
28,23,449,28.37136749165744
28,6,425,28.208780731424813
28,85,437,27.94099178298459
28,4,420,27.684664642395283
28,87,420,26.453003337041082
28,91,389,25.145995550611783
28,49,371,24.783284108779824
28,101,354,21.85509151582558
28,88,270,17.855800739560483
28,12,289,17.82963977068541
28,11,265,17.215308676306986
28,56,262,16.62689726936742
28,48,262,16.393214682981096
28,86,252,16.0864221895296
28,18,236,15.58724253001418
28,99,247,15.117807665082415
28,28,219,12.635567296996687
28,58,190,12.430194547229336
28,27,185,11.258651588184406
28,116,154,9.227424410961685
28,62,134,8.88787105498485
28,90,162,8.857063403782014
28,74,136,8.500185391175398
28,104,129,8.425277335177237
28,24,116,7.777739154616234
28,36,135,7.630005561735248
28,9,116,7.275240463259822
28,1,100,6.545734576880295
28,0,112,6.474207452725246
28,30,99,6.346337200063555
28,102,103,6.292652496768187
28,75,96,6.102459522926706
28,122,91,5.850121534214967
28,46,63,4.143732499712326
28,106,71,4.075709121245832
28,22,61,3.881627734519841
28,70,81,3.879310344827586
28,112,86,3.870040786058591
28,16,62,3.855779926413964
28,113,62,3.754171301446056
28,32,60,3.725403705266387
28,10,71,3.5456062291434924
28,80,50,2.8946303974112677
28,42,58,2.8619762699295515
28,34,53,2.7530589543937714
28,107,33,1.7032814238042269
28,69,34,1.5816184649610687
28,98,22,1.294173012749209
28,76,21,0.9872080088987768
28,84,20,0.8110863922877272
28,25,15,0.6952169076751947
28,26,15,0.6488691138301818
28,3,9,0.3012606599925844
28,71,10,0.11586948461253246
28,92,3,0.09269558769002598
28,61,0,0.0
28,66,0,0.0
28,68,0,0.0
28,95,0,0.0
28,120,0,0.0
28,118,0,0.0
28,126,0,0.0
28,59,0,0.0
28,41,6,0.0
28,78,1,0.0
28,67,1,0.0
28,64,1,0.0
28,14,4,0.0
28,125,1,0.0
28,2,0,0.0
28,5,0,0.0
28,21,0,0.0
28,31,0,0.0
28,38,0,0.0
28,47,0,0.0
29,47,7993,542.4140248423848
29,95,3601,243.05301910911837
29,87,3534,234.01001112346142
29,117,2746,182.00431034483123
29,103,2414,159.18729143492993
29,92,2202,149.3823983530626
29,100,2124,141.2276560519412
29,42,1870,126.8797942880239
29,97,1743,116.68460124776485
29,0,1699,116.09809901138813
29,20,1681,114.50591611131209
29,53,1708,112.4993378886582
29,35,1473,100.10220591421853
29,36,1482,98.26258974618386
29,66,1461,97.60227413175244
29,64,1299,88.4612740748154
29,55,1249,82.38062868207342
29,65,1358,81.70343591644931
29,79,1233,81.41260852606793
29,118,1237,80.24904933129835
29,2,1077,73.37337301186062
29,15,1088,73.13233341705933
29,52,1033,69.87656268158757
29,126,1024,66.13378008084821
29,18,1034,66.01084538375991
29,10,978,65.67277309104567
29,19,973,65.04912866147615
29,46,958,64.28408910333361
29,69,934,63.78215224389027
29,88,936,63.77935893010152
29,1,961,62.363531495900055
29,21,975,61.97163515016724
29,84,931,61.24980821602542
29,123,897,60.49009679079661
29,63,968,59.98904010992624
29,72,868,58.84232895588891
29,45,825,56.10154350458297
29,14,856,52.71348506887966
29,48,793,51.36204579162083
29,99,731,49.855043279250545
29,30,730,48.745539777242186
29,83,723,47.42643341086025
29,122,658,44.343902713376885
29,81,676,43.763164745698326
29,107,635,42.993320995796914
29,39,572,38.84095604062248
29,61,582,38.81888115384139
29,78,563,35.47633945124216
29,85,533,34.95044999494386
29,121,512,33.25755168079972
29,90,499,33.194364706304476
29,124,450,30.24089784669522
29,49,470,29.618482902149218
29,59,434,28.72941479692895
29,26,442,28.702869088258904
29,120,406,27.444663858719537
29,115,388,25.803483271050336
29,58,406,25.40564395221736
29,22,378,24.54303580554962
29,24,395,24.28998170009684
29,33,338,22.498764058830755
29,4,339,22.337705475219465
29,73,334,21.46057347670245
29,17,319,20.790597055891798
29,102,324,20.395796324274027
29,62,300,19.77369151564666
29,54,284,18.871623901713523
29,116,284,18.496365693682627
29,77,278,18.24613326977066
29,105,276,17.770383440093095
29,51,275,16.42102335928808
29,93,224,14.782297791196621
29,125,215,14.413561966398424
29,3,206,13.866843309044976
29,5,193,12.89311356052176
29,13,172,10.94801101753271
29,34,162,10.213067429418928
29,11,137,8.9996950016147
29,108,151,8.63807007786429
29,101,126,8.249646923548005
29,75,112,7.466942045468745
29,82,124,7.108592880978858
29,94,138,6.930214858614838
29,50,111,6.767038282236201
29,6,96,6.321551970232416
29,44,110,5.631256952169083
29,96,100,5.411104931405271
29,127,79,5.356366588674518
29,12,83,5.169434292070553
29,7,84,4.9550005056123005
29,41,82,4.825239849833151
29,80,78,4.794599363277203
29,112,67,4.42501047339757
29,57,105,4.046162402669633
29,114,71,3.9528047036389617
29,40,61,3.8584538375973345
29,89,57,3.4719950271543563
29,106,38,2.349587053461565
29,113,34,1.9366756713809006
29,104,38,1.8597052280311466
29,109,21,1.3095946400393204
29,9,18,0.903781979977753
29,60,17,0.8574341861327404
29,56,12,0.6894234334445682
29,27,13,0.6141082684464221
29,32,14,0.518252603903327
29,68,15,0.45189098998887656
29,86,11,0.25491286614757147
29,70,4,0.10428253615127922
29,43,0,0.0
29,67,0,0.0
29,71,0,0.0
29,38,1,0.0
29,37,14,0.0
29,111,1,0.0
29,25,1,0.0
29,16,28,0.0
29,28,6,0.0
29,29,26,0.0
29,98,1,0.0
29,23,25,0.0
29,74,0,0.0
29,76,0,0.0
29,91,0,0.0
29,110,0,0.0
29,119,0,0.0
29,8,0,0.0
29,31,0,0.0
30,114,7611,505.2488876529744
30,121,7158,480.3673978839893
30,92,6793,464.58939419866033
30,49,6269,425.3522432332353
30,34,3609,248.1379773822661
30,84,3192,211.9351647550115
30,123,3138,208.62651007579083
30,61,2954,198.7750940198121
30,56,2085,142.50618347396082
30,33,2161,139.2837279516926
30,103,2065,138.52975113310157
30,72,1942,131.17114253932866
30,71,1928,130.8520905581382
30,118,1959,130.79700069320143
30,85,1843,123.34389400921606
30,67,1903,123.1648056244843
30,8,1567,106.28476084538276
30,42,1475,98.88963928174135
30,105,1088,74.495967741936
30,1,1088,74.47301030449005
30,14,986,65.01138831505926
30,24,859,57.32202447163479
30,53,806,54.88233321162607
30,126,741,49.13948612493389
30,82,759,48.021662245800236
30,78,684,47.08055246570275
30,55,726,46.302957392271495
30,30,672,46.14479050797193
30,44,661,43.09275263112853
30,4,640,41.7848230490017
30,110,561,38.33471246280876
30,83,602,37.81701890989989
30,62,562,37.06108639228783
30,75,512,34.41115127919901
30,12,465,30.069372715715946
30,94,457,29.848986796924045
30,88,426,28.47180628048258
30,115,365,24.306173526140146
30,112,360,23.92682995081887
30,19,344,22.73585374897129
30,25,298,18.855827462612822
30,35,244,16.271466941588177
30,7,245,16.204391648056767
30,100,251,15.694840013527442
30,87,226,14.603490251222537
30,6,233,14.365049059485653
30,77,220,14.036008022381788
30,27,208,13.850398910667018
30,117,187,12.220119128781095
30,13,197,12.16246398010039
30,79,192,12.087706146926543
30,48,171,11.404741485450298
30,104,159,10.382959180233932
30,39,141,9.255779695156793
30,15,150,9.244198655389287
30,54,137,9.035273217698133
30,47,137,8.710604375231734
30,41,128,8.628739535156019
30,20,133,8.489019786294545
30,127,121,7.959851605569068
30,58,133,7.900803760450686
30,122,117,7.3993199514612265
30,86,113,7.3053392658509475
30,38,115,6.803194025107259
30,52,94,6.0474347448458765
30,18,91,5.795735098619059
30,116,94,5.692088431590661
30,43,88,5.591409153802327
30,16,83,5.5716669315112
30,91,78,5.267605031231284
30,95,93,5.16523243163955
30,93,77,5.1441416388579935
30,109,74,4.919931360047751
30,28,82,4.866518353726368
30,74,58,3.8982403473739247
30,120,58,3.827169076751949
30,37,57,3.7944938820912135
30,64,58,3.424858029389379
30,101,56,3.3293165245334304
30,17,49,3.187383776715434
30,9,49,3.111095661846499
30,107,48,3.0060787416378134
30,26,47,3.00422455210281
30,22,47,2.964152088178787
30,96,45,2.8090793313020908
30,70,41,2.740565201270332
30,46,49,2.514367816091955
30,90,40,2.342880978865406
30,0,39,2.300009269558769
30,10,36,2.069292678139109
30,98,37,2.0670762254922765
30,124,31,1.7728031145717476
30,32,28,1.733639228772711
30,36,24,1.483129403040415
30,97,22,1.3655642674335533
30,80,25,1.3402237053516253
30,63,22,1.1888209121245834
30,76,20,0.5909343715239156
30,111,18,0.5561735261401558
30,50,8,0.4535462683404841
30,23,9,0.4270618147147625
30,108,7,0.3967150449352897
30,29,5,0.24948355315429846
30,57,6,0.23173896922506493
30,119,7,0.2085650723025584
30,51,7,0.2085650723025584
30,89,4,0.16432399635959147
30,99,3,0.0849709553825238
30,69,5,0.02862657855133154
30,81,3,0.023173896922506494
30,3,2,0.0
30,31,0,0.0
30,66,25,0.0
30,65,2,0.0
30,68,0,0.0
30,73,0,0.0
30,113,0,0.0
30,45,0,0.0
30,59,0,0.0
30,60,0,0.0
30,40,0,0.0
30,106,3,0.0
30,102,4,0.0
30,125,2,0.0
30,2,0,0.0
30,5,0,0.0
30,11,0,0.0
30,21,0,0.0
31,15,7204,486.82419123096815
31,99,6798,452.4794414428463
31,109,5355,356.5084717146062
31,13,5249,343.8248695131447
31,74,3600,245.12496878618356
31,114,3291,219.34337372909818
31,98,3102,209.38863694703034
31,116,2278,154.70191840699485
31,3,2257,153.10425562452943
31,68,2240,150.34667258492019
31,19,2038,135.9139262717561
31,53,1957,133.47500407388088
31,18,1851,125.01549846609585
31,60,1590,107.54650859231499
31,39,1548,101.64360863923048
31,43,1356,91.71859390830498
31,96,1338,90.86036456277574
31,51,1403,89.17214779707042
31,59,1280,85.90185239835637
31,17,1248,82.29514275120535
31,75,1238,82.1071031304622
31,124,1180,76.1647701650483
31,83,1118,72.54067018909961
31,49,1070,71.67957181861564
31,38,919,60.14613010872334
31,112,876,57.15970419807978
31,95,790,53.11899987955486
31,101,750,48.806624218480486
31,127,715,48.34990045556645
31,20,706,46.76078579373908
31,34,669,45.396684892447006
31,86,667,44.32222359548998
31,115,617,39.05328310917865
31,61,580,38.82764003014097
31,62,553,36.654667737815636
31,12,568,36.523992707947
31,56,557,35.72101717958228
31,63,534,33.61960620025138
31,50,511,33.3455823931352
31,64,520,33.146814779184105
31,46,481,32.057027270215386
31,91,463,28.75623120339477
31,125,430,28.122233320469363
31,8,424,27.94151239472428
31,111,397,24.96363480790629
31,9,360,23.916773354041148
31,24,340,22.621936832170476
31,87,320,21.218803365241474
31,103,310,20.87489683878139
31,67,325,20.644599768974125
31,79,303,20.335094549499416
31,72,315,20.27117944669703
31,123,279,18.64885275578531
31,31,292,18.638197770765707
31,100,271,17.93795938842724
31,2,280,17.20816339142255
31,70,242,15.892143533967813
31,11,232,14.844244149272631
31,7,192,12.233574939897368
31,110,119,7.383612510632732
31,73,103,6.961139617496143
31,102,109,6.187430478309231
31,121,85,5.402207810265373
31,94,85,5.26047460140897
31,25,79,5.146591450818375
31,119,77,4.909805444204251
31,44,73,4.768856930981516
31,58,80,4.557533061426275
31,48,75,4.489114889559831
31,36,68,4.075040643449986
31,30,67,4.025937910809994
31,93,61,3.66533802990978
31,52,51,3.3356223468252724
31,40,48,3.1793758938503123
31,29,48,3.0616283049542226
31,122,61,2.9025305895439404
31,10,42,2.3359288097886544
31,81,40,2.189264781381022
31,41,35,1.9402871877844077
31,89,35,1.9234334445680386
31,28,39,1.8202042673677832
31,16,26,1.684127488592767
31,27,29,1.4236833196305074
31,5,25,1.4182424916573972
31,118,40,1.3556729699666301
31,84,21,1.086276418242492
31,26,20,1.025444938820912
31,88,14,0.8648498331479425
31,113,15,0.8428168049970053
31,106,17,0.813403781979978
31,69,13,0.643075639599555
31,92,11,0.6274664701756376
31,55,10,0.5144605116796441
31,4,10,0.5040322580645162
31,82,14,0.4171301446051168
31,104,7,0.4015232344328165
31,22,7,0.3976640711902114
31,65,7,0.35754012394724305
31,76,6,0.3308273560661271
31,66,8,0.24332591768631814
31,33,5,0.13904338153503895
31,108,3,0.10235137807440368
31,47,3,0.06952169076751948
31,71,25,0.0
31,14,1,0.0
31,0,0,0.0
31,85,3,0.0
31,45,0,0.0
31,1,4,0.0
31,126,1,0.0
31,6,0,0.0
31,32,6,0.0
31,78,17,0.0
31,21,1,0.0
31,42,1,0.0
31,97,1,0.0
31,117,1,0.0
31,54,0,0.0
31,57,0,0.0
31,77,0,0.0
31,107,0,0.0
31,105,0,0.0
31,90,0,0.0
31,80,0,0.0
31,120,2,0.0
31,35,1,0.0
31,23,0,0.0
31,37,0,0.0
32,25,6324,426.09656374953704
32,110,4477,302.39700858096694
32,54,4302,276.24057594858914
32,68,4151,272.72022332506026
32,127,3286,223.2055679149572
32,62,3377,220.37879389798795
32,70,3293,205.68223952539068
32,103,2412,161.59882508343176
32,35,2301,156.32261154368925
32,23,2432,155.0739247311826
32,94,1809,117.08197600508709
32,116,1715,109.6688119074101
32,20,1637,105.02330175290669
32,39,1427,97.1001730317646
32,26,1329,85.85296794418092
32,64,1133,74.78279169046662
32,4,1157,71.95743286191009
32,113,1055,71.45825608701067
32,84,1131,70.76728772710453
32,57,1106,70.40911470261054
32,121,1079,69.45216907675118
32,46,1034,67.01588721768147
32,37,986,64.51281847555443
32,74,980,64.17933506365041
32,16,963,63.297326890989375
32,6,901,60.73646644419748
32,75,863,58.22209862810546
32,65,848,56.50217413287452
32,14,863,55.96496106785288
32,27,847,55.25448330122878
32,8,840,54.61742361489075
32,79,818,53.748543355050366
32,50,805,52.61904480155212
32,66,814,51.17331222726096
32,106,759,50.70365882726867
32,9,740,48.22092297674911
32,38,713,46.557489351311645
32,109,666,44.01840338471341
32,40,666,43.29770005888897
32,28,650,40.94579294454139
32,15,636,40.82132320936292
32,36,636,40.17581263131864
32,101,615,39.2073368557658
32,22,594,38.359016793727484
32,82,584,38.123167155425264
32,78,515,34.694413545915275
32,99,508,32.05413422321082
32,18,474,31.426762596738833
32,111,482,31.365145300333783
32,53,478,31.257849223151094
32,2,472,30.716227907551396
32,98,450,29.352637189469785
32,24,435,28.082128290693195
32,3,420,27.481736463938812
32,124,429,27.451999806548223
32,44,406,26.455821783964023
32,11,401,25.971317336723434
32,122,378,23.07888394512416
32,117,237,15.926646891607922
32,72,250,15.59023915461626
32,30,223,14.50585191275329
32,45,200,12.093751511341102
32,51,200,11.783926585094534
32,42,175,11.386921140448477
32,19,178,10.974495471158448
32,47,176,10.597968330825104
32,102,171,9.910703250525296
32,91,155,8.968298109010021
32,5,143,8.92484705228033
32,0,133,8.792275104726288
32,87,131,8.530009188953922
32,114,135,8.377363737486098
32,10,129,8.348923045808487
32,83,141,7.895677737168272
32,123,121,7.690837041156851
32,77,122,7.472070416404696
32,61,103,6.7225368254289375
32,85,104,5.937152391546169
32,41,85,5.253853488002543
32,92,73,4.292964404894328
32,13,68,4.220545977011492
32,59,73,4.179991657397111
32,17,92,4.078605858361149
32,29,66,3.7927944629835615
32,126,75,3.6985539488320356
32,48,57,3.412356321839079
32,115,79,3.3833889506859536
32,90,50,3.253863419672652
32,81,50,2.932946329254727
32,88,46,2.8419110664966505
32,43,69,2.641824249165743
32,76,42,2.5832796674667757
32,32,42,2.5232284237387956
32,80,39,2.357944011865035
32,56,39,2.3043897012941215
32,21,43,2.2540477073291307
32,118,46,1.9929551353355581
32,69,38,1.9031562847608468
32,55,25,1.4251946607341497
32,119,32,1.367259918427883
32,100,21,1.1573316757181182
32,52,27,1.0659992584352989
32,33,17,0.6952169076751947
32,105,12,0.6509758317322277
32,67,9,0.5122650898659331
32,125,10,0.4449388209121246
32,107,8,0.41304063338349806
32,95,7,0.23173896922506493
32,97,0,0.0
32,93,0,0.0
32,73,0,0.0
32,71,3,0.0
32,96,26,0.0
32,89,3,0.0
32,86,3,0.0
32,60,0,0.0
32,58,0,0.0
32,112,0,0.0
32,104,0,0.0
32,49,0,0.0
32,108,1,0.0
32,63,25,0.0
32,120,2,0.0
32,1,0,0.0
32,7,0,0.0
32,12,0,0.0
32,31,0,0.0
32,34,0,0.0
33,73,7818,532.4704919045425
33,60,5396,352.3804226918699
33,46,5086,318.9009613856447
33,25,3042,194.35657675194284
33,113,2823,184.0173978031188
33,117,2176,144.8264511588836
33,40,2032,132.11067853170587
33,35,1933,128.79367226211235
33,86,1823,120.4342033784293
33,122,1771,119.90303011576746
33,112,1647,106.52461067853314
33,7,1616,105.48689720604416
33,10,1502,100.76152990502416
33,49,1469,98.19069799777722
33,118,1433,93.51960835036277
33,127,1275,85.29034528160527
33,37,1252,82.98706551815978
33,84,1311,81.68972469410578
33,28,1215,80.17211152488355
33,64,1185,79.73095105673102
33,103,1196,79.44733674939349
33,45,1176,78.02136118320723
33,48,1137,74.77689857417342
33,9,1108,74.20827062749446
33,62,1121,73.60067652583034
33,106,1039,66.39138516480264
33,33,1002,65.50781860469397
33,114,953,63.324780058650674
33,110,1052,62.61297274749749
33,94,961,62.612737876919745
33,116,941,62.574869513134814
33,96,880,58.40517241379388
33,22,922,58.07589240570331
33,98,881,56.53166818350327
33,82,835,55.5897646414889
33,87,782,52.581572117166615
33,125,834,52.2895810159438
33,41,796,51.82771106217838
33,0,726,49.34143998382048
33,79,711,44.86203104459477
33,32,657,44.42091304387795
33,105,666,43.78506311360477
33,43,529,34.83036707452719
33,21,511,34.366889136077184
33,24,503,34.21961040274307
33,47,502,33.57345904620648
33,69,481,32.301837432538335
33,102,499,31.87430478309222
33,111,482,31.004742924236957
33,5,415,27.033358320839664
33,104,402,26.594895968197864
33,23,378,24.75539715329949
33,2,351,22.800797182054062
33,65,357,21.48220244716359
33,39,305,20.507749657562563
33,57,323,20.450500556173495
33,100,320,20.305299539170637
33,92,314,20.133481646273562
33,13,302,19.98227196885426
33,109,298,19.024811774331425
33,123,262,16.95667143386827
33,77,234,15.505166559334938
33,34,216,14.217755611882032
33,68,216,13.945675375041361
33,66,194,12.657292825361498
33,51,203,12.021118235948451
33,91,178,12.016335873652109
33,15,170,11.558986569098838
33,14,176,11.496184031640103
33,63,178,10.990747294974229
33,50,176,9.63107156099371
33,44,144,9.510567296996657
33,55,145,9.078714911993721
33,107,115,7.568796247037763
33,38,105,6.9853255754256915
33,6,106,6.45161290322582
33,124,102,6.379952083511591
33,108,93,6.158552237528881
33,12,128,5.839822024471635
33,83,88,5.7818872821653775
33,11,91,5.770300333704123
33,8,86,5.6370504263997026
33,67,104,5.380978865406016
33,115,110,5.283648498331486
33,88,102,5.214126807563965
33,4,78,5.210816250860741
33,16,83,5.196746384872084
33,53,99,5.186318131256961
33,76,80,5.042253738722034
33,71,60,3.8264738598442696
33,70,57,3.792675622486526
33,89,58,3.4343715239154653
33,52,53,2.614015572858732
33,20,39,2.5748774358340545
33,17,45,2.363737486095662
33,1,44,2.3538058159860165
33,19,44,2.3339424757667246
33,26,45,1.9565390116001908
33,90,37,1.89098998887653
33,85,33,1.8683954393770863
33,56,33,1.807563959955507
33,31,22,1.3454491919125826
33,101,34,1.0775862068965525
33,97,10,0.39395624768261034
33,81,6,0.34473565669844375
33,58,5,0.20856507230255844
33,78,5,0.1738042269187987
33,80,4,0.1699419107650476
33,99,2,0.03476084538375974
33,59,3,0.023173896922506494
33,36,0,0.0
33,54,1,0.0
33,61,26,0.0
33,74,0,0.0
33,42,0,0.0
33,95,12,0.0
33,75,32,0.0
33,72,6,0.0
33,120,0,0.0
33,93,0,0.0
33,121,0,0.0
33,126,0,0.0
33,119,0,0.0
33,18,1,0.0
33,3,0,0.0
33,27,0,0.0
33,29,0,0.0
33,30,0,0.0
34,96,4888,332.0097551851972
34,108,3548,236.99292616797686
34,10,2627,174.051148786011
34,82,2490,165.7924513827662
34,39,2189,146.17514831294164
34,124,2230,139.18242491657563
34,83,2068,134.76962707101444
34,2,2004,131.75519095291168
34,86,1919,130.42835062213643
34,119,1968,128.35876668520353
34,53,1887,124.40906562847395
34,95,1852,122.82773208848045
34,23,1574,101.64349276974697
34,33,1428,94.3911444815234
34,9,1395,89.93578723834617
34,32,1314,89.30627053315045
34,123,1310,88.75875155401572
34,98,1277,85.08064516129008
34,41,1200,78.50085164071079
34,107,1190,78.47840192806818
34,13,1133,77.1758443501632
34,14,1185,74.04060066740767
34,71,1112,72.5548963869309
34,105,1118,71.14742876700556
34,26,1013,66.81993402631353
34,116,977,66.46792455962787
34,50,994,65.78142380422582
34,61,1106,64.93325917686293
34,73,977,64.50770216064929
34,20,954,64.13318988311292
34,62,946,63.92761983599465
34,90,912,62.22433841219021
34,68,908,60.562005965330385
34,103,856,56.93681637004063
34,16,851,56.64859102706735
34,109,824,55.79058699101047
34,43,872,55.40576485950553
34,45,799,54.456401901818744
34,78,849,53.98793798665141
34,76,793,53.86208373118666
34,56,813,52.706921832339056
34,40,781,51.229761463354556
34,120,841,50.646551724138455
34,69,757,49.37842458698923
34,57,728,49.284744487339324
34,88,709,47.78761465380509
34,19,607,39.82268658297582
34,15,587,39.35383577381085
34,113,531,35.88852810312111
34,66,528,35.57331529228166
34,80,559,35.54875787912497
34,70,517,33.6564762304198
34,127,483,32.53387187950192
34,101,482,31.554902272366263
34,51,478,31.31565937461389
34,110,480,30.95652728897309
34,37,484,30.647478680014785
34,36,456,30.129928315412318
34,55,443,27.310627473148585
34,74,432,26.541242406092216
34,48,391,26.01269929551344
34,121,400,25.388452447163402
34,64,383,24.199341861327436
34,94,372,24.13054435483876
34,58,344,22.69496971944143
34,27,363,21.039001668520648
34,97,288,19.50083426028917
34,31,295,19.46027994067486
34,99,278,17.758929674947442
34,7,302,17.021227289580978
34,118,246,16.317320170559842
34,3,248,16.175380051909553
34,100,210,14.319622589504547
34,84,212,14.286137602800899
34,65,212,13.732706479421564
34,35,221,13.50616847001721
34,102,208,12.924714329052499
34,92,218,12.46424598760525
34,67,215,12.423526140155703
34,34,176,11.663091265427173
34,63,183,11.526696329254756
34,18,173,10.965115560499306
34,6,171,10.904973780390915
34,126,163,10.66631273805913
34,89,166,10.319625973303694
34,1,155,9.923577637704453
34,112,150,9.064274956441283
34,30,132,8.869674315130498
34,54,131,8.82811502762633
34,60,131,8.59856911720094
34,85,148,8.50150961385665
34,8,128,8.44688542825361
34,111,123,7.738298964661582
34,38,124,7.516067235199615
34,87,165,7.322951427512048
34,77,115,6.986929922135714
34,114,100,6.541877131238721
34,25,120,6.504140402916826
34,72,86,5.425588616981829
34,81,82,5.11437829472361
34,42,78,4.853483036707455
34,4,127,4.136540600667413
34,29,63,3.948832035595108
34,115,79,3.9105951056729733
34,22,53,3.358995374978045
34,47,59,2.8702526616875903
34,12,42,2.471180099100012
34,91,46,2.4193548387096775
34,5,30,1.6607959461129655
34,122,38,1.2513904338153512
34,59,17,0.9501297738227663
34,52,7,0.3649888765294772
34,75,8,0.3244345569150909
34,21,8,0.2085650723025584
34,104,3,0.03476084538375974
34,0,7,0.0
34,24,0,0.0
34,46,5,0.0
34,28,1,0.0
34,44,0,0.0
34,125,0,0.0
34,117,0,0.0
34,106,0,0.0
34,93,0,0.0
34,79,0,0.0
34,49,0,0.0
34,11,0,0.0
34,17,0,0.0
35,2,7792,504.1876594909051
35,40,3754,247.7037978706576
35,28,2632,176.68396984304013
35,122,2306,156.94650434639334
35,12,2000,134.3615625985768
35,97,1958,129.4339389445034
35,114,1794,119.29030831978945
35,67,1625,108.98220244716535
35,86,1473,99.55758924056931
35,42,1482,97.87317104474911
35,7,1448,97.7343799189873
35,47,1417,95.67788996320512
35,100,1387,91.18928439006238
35,30,1373,90.88074050532325
35,89,1368,87.59037819799737
35,55,1304,85.42593622543525
35,21,1246,84.60961424902635
35,25,1294,82.88815057666356
35,73,1251,81.21203046119527
35,18,1271,80.4757021690758
35,98,1246,80.41069598028282
35,16,1162,74.70288624787726
35,22,1144,74.41552121404756
35,79,1098,71.43719629998212
35,54,1057,71.33755582488111
35,85,1043,70.0400135953532
35,26,1035,69.27632009422241
35,61,1033,68.44677847180574
35,29,1016,68.17760474601437
35,49,1022,67.37186617609254
35,24,1082,66.42102335928838
35,50,1011,66.19237424298505
35,78,983,64.55637843217558
35,90,963,63.46973845583404
35,9,902,59.41787170930654
35,23,880,59.358406615316696
35,125,876,59.10546975271621
35,3,876,58.77085650723094
35,92,886,57.71032140975314
35,8,836,56.2283413194141
35,68,838,55.0044640243542
35,58,818,53.30802340765079
35,39,797,52.582824760243504
35,4,758,51.10557314394898
35,13,771,50.47879286163348
35,116,718,46.82375003565211
35,109,719,46.20032359186975
35,94,699,44.520621203045984
35,64,591,39.32742730017467
35,111,597,38.922666599251464
35,69,614,38.918242491657466
35,63,568,37.180539352668326
35,1,495,32.94989012181571
35,19,480,31.513866417231057
35,87,487,31.178966968128673
35,71,441,27.730975593797147
35,81,400,26.703014032686006
35,46,407,26.525932953826782
35,99,402,25.83291470809856
35,0,397,25.431034482758772
35,102,401,25.32705421482795
35,56,375,25.113796030677456
35,96,380,24.772148265097385
35,59,352,23.33084740620876
35,115,355,23.255637577105837
35,82,351,21.085928809788676
35,51,319,20.559881349647668
35,52,315,19.74585582896979
35,75,251,16.964837473736193
35,37,248,16.46119144728706
35,41,279,16.337597330367117
35,38,233,15.473032714411993
35,32,237,15.148279834737036
35,48,234,14.869917191941687
35,121,195,12.840913772504456
35,126,191,12.468218655649165
35,120,184,12.078371393051127
35,117,174,11.489731137578307
35,65,175,11.460702604884334
35,45,188,11.158231368186883
35,66,169,10.895944989382155
35,104,160,10.349663877738552
35,62,141,9.053269064392536
35,95,139,9.017372243669447
35,103,146,7.8791249536522185
35,113,120,7.784599847784098
35,5,113,7.452386120079212
35,72,131,6.378615127919918
35,43,95,6.289395624768269
35,17,110,6.256952169076754
35,76,86,5.60263037361775
35,11,84,5.5978330623769965
35,6,86,5.554952657424236
35,124,73,4.596610613099522
35,70,83,4.472562106043753
35,31,98,4.287170930663706
35,53,62,3.530156964528487
35,60,66,3.378754171301446
35,110,58,3.29731447640235
35,108,46,2.872432784394585
35,107,39,2.3961809417871724
35,20,36,2.112389834859246
35,83,35,1.9466073414905465
35,101,26,1.5958388107998795
35,33,29,1.4947163515016684
35,15,34,1.3904338153503895
35,127,23,1.3768686073957517
35,118,39,1.2513904338153514
35,10,36,1.1818687430478318
35,14,21,1.1012235817575085
35,84,21,0.9733036707452726
35,105,13,0.7261154369052033
35,77,11,0.5561735261401558
35,35,11,0.31284760845383763
35,80,0,0.0
35,88,0,0.0
35,91,0,0.0
35,93,0,0.0
35,27,0,0.0
35,106,0,0.0
35,36,31,0.0
35,34,1,0.0
35,57,0,0.0
35,44,0,0.0
35,123,0,0.0
35,119,0,0.0
35,112,0,0.0
35,74,0,0.0
36,6,7647,492.11345939930055
36,90,3394,224.95112414466686
36,49,3015,203.9730291955038
36,56,2157,144.20368509813687
36,103,2063,138.28945742183024
36,9,1918,129.3044531588768
36,25,1869,124.5979015723203
36,63,1836,123.30452203127973
36,32,1612,107.39682413565953
36,58,1505,101.6813414616521
36,104,1498,98.80826366213229
36,0,1512,97.78021330890297
36,115,1464,96.48992707947211
36,24,1386,93.41434058676319
36,74,1352,90.15077958560356
36,121,1336,89.132699232669
36,68,1355,87.67051109419762
36,38,1288,85.77586206896524
36,53,1255,85.38675785595112
36,43,1262,84.56010150166848
36,112,1267,84.03217116240143
36,99,1250,83.45874501079545
36,29,1307,83.40430339265755
36,107,1256,82.95898576766348
36,127,1181,79.1908810242674
36,30,1120,75.01716316740784
36,92,1123,74.68569728639098
36,40,1124,74.15801507848201
36,124,1070,71.94905827567338
36,67,1101,69.39066911953392
36,65,1074,66.34355633243328
36,79,941,62.88860842531577
36,12,924,60.524238401091445
36,23,872,58.35650723025512
36,120,889,58.14446607341551
36,116,866,58.10010180803517
36,96,858,57.6643801755032
36,15,1011,56.30098257322929
36,85,799,53.817237406642775
36,114,832,53.70421867919032
36,123,698,46.92279616240227
36,118,688,46.173753149758504
36,33,704,45.031760435571464
36,36,646,43.068098263607254
36,95,652,43.0339265850944
36,14,621,40.64323170870141
36,73,612,40.36738351254439
36,69,709,39.597568727157274
36,26,579,38.802879936039965
36,64,579,38.75579912640062
36,52,530,34.82565373955984
36,21,546,34.72360162084837
36,76,544,34.68071868931577
36,39,505,33.34487298812726
36,110,478,31.991761090477027
36,113,437,28.74362318284676
36,44,364,23.496452514806165
36,126,348,22.91512174020525
36,111,340,21.867935699163898
36,51,325,21.8298109010012
36,1,309,20.700967176335233
36,94,314,19.821765786274177
36,17,277,17.899352455108847
36,35,263,17.63533555802744
36,8,254,17.073782377244545
36,11,257,16.80545951958634
36,60,260,16.798178531701964
36,71,248,16.528104820652064
36,80,244,15.372018291929265
36,7,233,15.270345428854915
36,50,242,14.825500556173564
36,108,213,14.293982978503234
36,16,219,13.846403411197592
36,97,220,13.599881093935823
36,28,205,13.556729699666327
36,100,214,13.519072117167264
36,47,197,12.055061179087904
36,75,180,11.90239722140247
36,78,180,11.410247497219158
36,37,174,11.245519713261668
36,125,163,10.824278960750028
36,91,158,10.313929056976905
36,101,165,10.285120722371254
36,55,173,9.709862810530225
36,61,143,9.05172413793104
36,20,134,8.761277963168967
36,18,135,8.168798665183553
36,19,138,7.543103448275875
36,34,111,7.064473346453318
36,54,108,7.0433197379804815
36,117,108,6.971480657520716
36,22,110,6.789951798294389
36,105,101,5.941430649439547
36,46,91,5.690846972826954
36,41,84,5.6180147253562165
36,66,101,5.584909158324071
36,3,87,5.580357142857143
36,93,83,5.214126807563963
36,4,79,4.808583611420092
36,59,72,4.717175462447986
36,70,77,4.637096774193549
36,89,83,4.628158271094865
36,62,70,4.262214426285617
36,102,46,2.9283378838440006
36,42,41,2.57230255839822
36,57,39,2.4590079512215226
36,27,38,2.2304875787912497
36,106,41,2.196885428253615
36,98,40,2.1204115684093443
36,122,37,1.609694532386412
36,77,33,1.1123470522803123
36,45,14,0.6256952169076754
36,109,13,0.5329996292176493
36,84,66,0.0
36,72,0,0.0
36,87,1,0.0
36,82,0,0.0
36,81,0,0.0
36,2,26,0.0
36,48,0,0.0
36,88,0,0.0
36,86,0,0.0
36,83,0,0.0
36,119,0,0.0
36,10,26,0.0
36,5,0,0.0
36,13,0,0.0
36,31,0,0.0
37,89,2593,177.73406463531472
37,125,2579,173.6289113507759
37,105,2410,158.41034956097747
37,127,2036,134.59631071560742
37,26,1755,119.48593675512501
37,65,1754,118.96253774034676
37,115,1654,110.46159052226811
37,120,1753,109.57777159807007
37,57,1571,103.5620386287804
37,1,1559,102.61549475776933
37,64,1453,98.15883388950606
37,41,1496,97.33036707452835
37,104,1391,94.55315848018235
37,76,1354,92.20893585465221
37,18,1353,89.06487005763938
37,52,1358,88.80526974416163
37,102,1315,87.20825283453419
37,109,1268,86.01460251343124
37,58,1287,85.0523399014786
37,61,1287,84.65656284760814
37,15,1273,83.5856713220441
37,6,1213,81.73640354362065
37,78,1197,79.12455920289675
37,62,1162,78.50985221674998
37,123,1267,78.06590656284709
37,107,1169,77.61431140984051
37,44,1165,77.22030326093329
37,83,1036,70.40839724450136
37,99,1200,70.3820216907678
37,28,1053,70.26060702367668
37,21,1092,69.72207681737865
37,47,1010,68.81577821511135
37,95,1021,67.92269187986601
37,79,1047,67.70877898519663
37,118,998,67.33672334339747
37,113,1022,66.39687371933678
37,66,1034,65.99925843529874
37,16,987,65.68785919540224
37,91,951,64.47100091719815
37,55,952,62.80788177339854
37,112,934,62.72447967621364
37,82,896,60.7845217883415
37,75,923,60.652327372293506
37,121,914,60.53114571746379
37,24,894,59.18263479337613
37,98,858,58.507468615922186
37,32,858,56.87327707114244
37,0,845,56.39540387664731
37,23,826,54.70165262990573
37,25,835,53.20726733407483
37,12,812,52.69219468172169
37,19,784,51.96746384872095
37,20,749,50.55690533341165
37,49,784,50.35824118301378
37,42,745,48.49076947095235
37,36,705,47.26133325527382
37,124,690,46.61056928333047
37,80,638,43.615152972772506
37,45,661,42.71683984915483
37,29,576,38.622230858919295
37,93,529,35.664627363737466
37,92,524,35.291052977203826
37,77,515,34.5264579691722
37,81,516,34.425596341613904
37,103,515,34.15542732665919
37,110,497,33.94412209762585
37,8,482,33.06163504995521
37,33,446,30.056040528123056
37,63,424,28.794176765606892
37,72,401,27.023338689078532
37,10,394,25.77177067750891
37,2,367,23.41845549428451
37,27,371,23.320802876211676
37,14,304,20.6379210133381
37,4,223,15.064481368186911
37,31,194,13.219052915938361
37,119,194,12.612052607472373
37,117,198,12.128861127748806
37,68,182,11.904894327030014
37,84,166,11.085050641063157
37,50,142,8.90341119762701
37,122,134,8.21453661963585
37,67,126,7.937059695958486
37,97,112,7.380886169818333
37,87,96,6.416120250570821
37,108,101,6.142737962815825
37,13,101,5.259315906562843
37,11,78,5.228873832878286
37,53,66,3.9627363737486063
37,34,57,3.809472646374758
37,111,55,3.709076150677934
37,37,59,3.4606352737609676
37,85,52,3.3080737856877995
37,38,75,3.267519466073419
37,30,48,3.0479772847023003
37,74,45,3.0016294908572907
37,40,45,2.8839087080883536
37,116,39,2.4162066866749226
37,35,59,2.4071885428253617
37,59,32,2.085650723025584
37,101,29,1.8894450624150283
37,60,41,1.7612161661104933
37,86,29,1.7457669014954893
37,126,30,1.7127616543634352
37,17,21,1.3260618794545382
37,106,17,1.089173155357805
37,88,25,1.0196514645902857
37,51,11,0.44692515493405377
37,73,6,0.26070634037819806
37,71,4,0.17647813810216484
37,5,2,0.05214126807563961
37,7,3,0.03476084538375974
37,56,0,0.0
37,69,0,0.0
37,90,0,0.0
37,9,1,0.0
37,48,0,0.0
37,54,0,0.0
37,100,8,0.0
37,43,13,0.0
37,114,0,0.0
37,70,26,0.0
37,94,0,0.0
37,96,0,0.0
37,3,0,0.0
37,22,0,0.0
37,39,0,0.0
37,46,0,0.0
38,50,7454,503.72810066736497
38,114,7052,483.3116696453956
38,30,4533,294.4080023555572
38,8,2202,150.32669252635972
38,40,1948,128.2819655316856
38,58,1816,115.57527687769256
38,60,1561,104.1762088595154
38,17,1497,97.65983943512283
38,51,1427,93.97942157953257
38,92,1403,93.79996871523774
38,87,1422,92.92579103957534
38,49,1393,90.75622219132262
38,100,1351,87.31558456764766
38,111,1335,86.77002224694223
38,81,1284,86.66644671103461
38,10,1270,85.59526190148898
38,18,1266,85.51899771676202
38,73,1195,80.53751480139259
38,47,1189,78.01765033043225
38,48,1148,76.99685256345481
38,15,1149,76.8859643244842
38,90,1108,74.67871047195351
38,64,1110,74.09833902075734
38,71,1142,73.52703720980328
38,20,1076,72.84786916017768
38,82,1100,72.20944899094293
38,52,1080,71.56490617280441
38,80,1095,69.93712526112988
38,28,943,63.17022034470237
38,11,953,63.01477296871646
38,26,998,62.86846496106834
38,79,933,62.154322704239505
38,4,895,61.3323706393982
38,22,927,60.72675687472704
38,84,888,58.91441879866594
38,66,868,58.40178545962764
38,55,876,57.10100869653169
38,86,859,55.00979349035142
38,75,815,54.78121336019026
38,96,799,54.16208396345471
38,62,778,52.547702575511366
38,61,741,49.87143001603556
38,88,728,49.329935883815835
38,33,751,48.78829486466434
38,105,699,47.27971555696838
38,16,704,46.691331208850826
38,21,676,44.08650937689062
38,125,620,40.98092998955093
38,98,623,40.24809311933871
38,5,562,36.7291782536151
38,101,533,35.098696407314044
38,32,517,34.337466098411554
38,7,513,33.480224239053626
38,103,519,33.284108779870316
38,118,484,31.64944480221674
38,31,455,29.09278283059617
38,46,395,26.56625641393679
38,39,405,26.509489710789854
38,93,393,25.77227011494245
38,85,352,22.81986678638918
38,102,321,20.73642430983927
38,36,292,18.670745272524996
38,107,279,18.567821569420545
38,68,238,15.438609949752662
38,74,227,15.120378575064562
38,37,226,14.466073414905424
38,63,190,12.374860956618482
38,110,180,12.082345163389057
38,14,181,11.721961599845223
38,104,172,11.227753058954416
38,34,186,11.168776793190958
38,121,165,10.785256892042202
38,116,161,10.582939377085644
38,3,170,10.448307949003173
38,6,174,10.435205784204664
38,53,160,10.125337676783731
38,24,138,8.880295968797956
38,67,137,8.620689655172416
38,108,126,8.232113062132528
38,78,118,7.78642936596217
38,117,86,5.785840476346268
38,95,87,5.70831713952584
38,119,123,5.469039673711532
38,109,80,4.981588738445013
38,115,87,4.927349833147941
38,12,87,4.870607864947982
38,77,96,4.8491379310344875
38,94,66,4.363369845968215
38,0,94,4.032258064516137
38,13,75,3.962736373748614
38,2,64,3.6933398220244755
38,1,61,3.608807766204877
38,126,50,3.0466858601060016
38,29,49,2.9840848806366047
38,27,48,2.811457174638486
38,72,45,2.6495488814732417
38,69,39,2.457232173679568
38,19,36,2.2617723396366345
38,38,37,2.1849674241220405
38,59,36,2.1765637032600336
38,76,27,1.6155516711690245
38,91,29,1.3904338153503892
38,70,28,1.2513904338153505
38,9,28,1.1818687430478314
38,97,14,0.8342602892102338
38,57,14,0.7898436534420964
38,44,17,0.7299777530589544
38,35,14,0.5839822024471636
38,42,5,0.19863340219291278
38,25,6,0.17380422691879868
38,113,5,0.13904338153503895
38,106,0,0.0
38,65,0,0.0
38,56,0,0.0
38,45,25,0.0
38,83,5,0.0
38,99,3,0.0
38,89,11,0.0
38,120,0,0.0
38,54,1,0.0
38,122,0,0.0
38,123,0,0.0
38,127,0,0.0
38,124,0,0.0
38,112,5,0.0
38,23,0,0.0
38,41,0,0.0
38,43,0,0.0
39,39,8194,547.610771227291
39,96,3784,247.3797514479736
39,69,3603,243.98411655086483
39,109,3338,227.07174638486316
39,59,2867,194.94156518938422
39,61,2732,180.53010970794847
39,23,1811,120.04657953281612
39,20,1737,111.5741346594228
39,3,1585,106.6564475433421
39,10,1494,101.40643332774606
39,126,1491,99.16211249214228
39,25,1443,99.15376270663623
39,58,1453,98.13527376096954
39,101,1392,94.42899517982997
39,4,1358,89.4118464961063
39,0,1392,85.42670868866526
39,57,1260,83.43538761016381
39,77,1249,81.94553291536107
39,70,1245,81.86318131257049
39,35,1276,81.12486095661848
39,71,1242,80.94839419686164
39,107,1218,79.7636262513915
39,56,1211,77.81099369670014
39,89,1167,77.63567425344316
39,60,1135,75.75494236019847
39,54,1165,75.57977856533118
39,2,1154,74.88917424589417
39,85,1078,73.22372080088986
39,87,1081,69.01983106229069
39,18,1023,68.92910111764432
39,116,1051,68.57050763474557
39,127,991,64.65517241379274
39,120,923,60.65030168200325
39,37,900,60.50765470405739
39,49,872,57.41438298446064
39,5,847,56.00155143141477
39,6,847,54.290120335726336
39,103,814,52.79940674823912
39,7,808,51.93270300333677
39,72,741,49.792166734968895
39,106,756,49.74617767017817
39,51,803,48.66260865982743
39,80,721,48.22186989873347
39,125,696,44.134686688913845
39,100,636,42.98835125448046
39,78,611,39.7677440746128
39,34,587,39.24633139385635
39,90,626,39.23697270471467
39,83,575,38.59596659911307
39,46,571,37.113720105672954
39,52,532,35.71789723068927
39,98,519,32.27945580559612
39,104,479,31.83424959356566
39,81,451,29.206666827876486
39,95,432,28.67826729152614
39,115,398,26.18962308547969
39,33,384,25.68329890354351
39,44,299,19.71846737921363
39,75,297,19.611737909846898
39,86,279,18.183082212559434
39,110,268,17.711054918902118
39,41,276,17.540484258995797
39,30,234,15.045125897461846
39,12,218,14.683522817560613
39,53,215,13.895995550611765
39,14,216,13.763052136782838
39,27,207,13.153201624993942
39,122,176,11.49635959146525
39,121,172,10.905837403878701
39,32,161,10.314591168317525
39,24,158,10.214013302762712
39,26,157,9.773204795451749
39,45,143,9.46885428253615
39,117,131,8.49353814179497
39,79,121,7.943129049914363
39,11,116,7.309047089358564
39,29,124,7.091212458286999
39,28,106,5.805061179087881
39,84,95,5.725607818210708
39,102,77,4.9182733901866325
39,13,84,4.747338312410611
39,36,81,4.414627363737485
39,55,69,4.322613361251065
39,73,95,4.1481275491286675
39,48,64,4.072507464434167
39,19,64,3.719410456062289
39,31,56,3.550091499515594
39,15,51,3.0937152391546165
39,76,61,2.8967371153133117
39,93,49,2.4471635150166855
39,64,37,2.4221357063403786
39,123,40,2.2514332163942847
39,21,37,2.2473642211152485
39,16,35,2.167979041039752
39,82,32,1.802598124900683
39,50,28,1.7629987735660704
39,91,30,1.6387255680915311
39,99,36,1.6337597330367084
39,112,24,1.3382925472747502
39,40,24,1.3209121245828706
39,22,21,1.245691934572111
39,118,23,1.1934556915090844
39,94,25,1.0984427141268076
39,88,26,0.8342602892102341
39,8,17,0.8143969489909425
39,63,19,0.7879124953652207
39,1,14,0.7039071190211346
39,119,12,0.46927141268075656
39,124,7,0.2954671857619578
39,9,7,0.2549128661475714
39,38,5,0.22460853940275524
39,65,4,0.10924837120610204
39,92,25,0.0
39,67,3,0.0
39,47,0,0.0
39,68,0,0.0
39,108,0,0.0
39,97,0,0.0
39,74,0,0.0
39,114,0,0.0
39,66,0,0.0
39,62,0,0.0
39,105,1,0.0
39,111,1,0.0
39,17,4,0.0
39,113,26,0.0
39,42,0,0.0
39,43,0,0.0
40,72,8235,554.0461624026027
40,19,3690,242.89179335063952
40,52,3187,216.95543357353966
40,117,2384,158.48600184944647
40,93,2083,138.9846308104444
40,100,1931,131.2109781477644
40,44,1796,120.97871904455441
40,105,1790,119.57241222641466
40,13,1672,113.80338056777946
40,57,1574,105.67610157432023
40,50,1524,101.33913808135075
40,43,1498,100.80912552408523
40,35,1472,99.97085436809951
40,81,1475,97.88205533029459
40,77,1429,96.91051058910796
40,115,1377,93.8057277045045
40,8,1370,92.69516634644478
40,124,1368,92.24264334108716
40,109,1375,91.74426338543368
40,60,1317,89.3647998069573
40,108,1355,88.63197670614333
40,51,1338,88.14402366265645
40,82,1373,88.0469039673701
40,29,1284,87.12567340618132
40,110,1284,85.22993384462315
40,15,1105,75.0698083781518
40,17,1119,74.66807849177192
40,40,1095,73.36417340588639
40,53,1088,72.97706671715574
40,73,1051,69.72801320463633
40,94,1026,68.19977108220108
40,85,1040,68.1022259164643
40,55,986,67.54418489679873
40,20,979,67.10033169988682
40,121,953,65.40237400915947
40,103,940,63.71418164157358
40,114,889,57.97187638205781
40,7,875,57.030960326288174
40,63,876,56.54009505511146
40,111,760,50.96474715495861
40,37,747,49.0298564061077
40,28,731,47.67179582251854
40,54,690,46.71246439878254
40,119,666,43.89798188463343
40,23,683,43.73991445894508
40,18,648,43.70118768060915
40,87,656,42.31884633719985
40,4,597,39.91050662352109
40,65,596,38.32093529847992
40,6,563,38.13503834360339
40,12,542,35.95264579691699
40,83,510,34.66251290222352
40,123,505,33.519506278730184
40,27,523,32.91852057842044
40,39,506,32.904428343805215
40,33,499,32.181892924505355
40,79,491,31.869965407228992
40,91,448,30.431155390046822
40,89,446,29.61919863678326
40,101,402,26.766482960865627
40,58,414,26.292441336935145
40,99,388,25.10755414512852
40,36,335,21.635338063313547
40,45,317,21.440865225626023
40,42,281,18.696506921270544
40,62,201,12.75027808676306
40,90,191,12.645002383600868
40,49,192,11.7709561203991
40,97,172,11.476135099605617
40,70,187,11.447013775990422
40,107,166,11.163974464380706
40,112,167,10.225036365192102
40,48,156,9.322527676254042
40,11,129,8.583208395802103
40,0,144,8.502502780867635
40,127,123,7.675762184740412
40,22,110,7.089039905450511
40,96,104,6.685142582667618
40,106,118,6.53503893214682
40,74,106,6.49448461253244
40,102,87,5.433026185250885
40,116,79,4.969861407569976
40,9,68,4.50500556173526
40,10,52,3.2808890219902453
40,16,72,3.12847608453838
40,75,52,2.9199110122358167
40,122,52,2.801724137931033
40,46,40,2.071746384872081
40,1,24,1.5168368894731528
40,113,23,1.4490738501716884
40,30,27,1.421332344580398
40,41,18,1.1457709420723885
40,84,17,1.0561949174296228
40,80,20,0.9385428253615128
40,24,16,0.921162402669633
40,34,14,0.8910126898367804
40,69,12,0.567760474601409
40,76,11,0.5214126807563961
40,98,15,0.45189098998887656
40,3,12,0.41713014460511694
40,71,11,0.40843993325917693
40,92,10,0.40843993325917693
40,5,8,0.25491286614757147
40,104,6,0.16221727845754547
40,32,3,0.10428253615127922
40,118,2,0.04634779384501299
40,67,2,0.03476084538375974
40,2,0,0.0
40,38,21,0.0
40,21,0,0.0
40,61,0,0.0
40,68,0,0.0
40,59,4,0.0
40,86,2,0.0
40,78,0,0.0
40,88,0,0.0
40,14,4,0.0
40,120,0,0.0
40,26,5,0.0
40,95,0,0.0
40,64,27,0.0
40,126,0,0.0
40,125,0,0.0
40,66,2,0.0
40,25,1,0.0
40,31,0,0.0
40,47,0,0.0
40,56,0,0.0
41,47,8593,562.1597096188826
41,87,3432,227.16978375219244
41,10,2782,189.35216278045033
41,95,2405,163.42713077423727
41,92,2306,157.5263074999775
41,117,2295,156.19894500834255
41,81,1651,111.69148446190005
41,53,1581,107.25658794924443
41,100,1538,104.57399247026751
41,122,1548,103.73408725744483
41,42,1500,102.63703600026551
41,103,1511,100.70694017317778
41,20,1513,98.8946051167971
41,64,1515,97.95258620689553
41,65,1424,97.42422135706343
41,21,1463,95.85928809788844
41,63,1388,90.61986863710979
41,35,1350,88.17667779013685
41,0,1276,87.61955451412389
41,99,1341,86.84356887769974
41,15,1229,84.13265173108924
41,66,1225,83.07362586782237
41,19,1193,80.8691756272392
41,69,1183,80.61313444401438
41,90,1190,80.4462155714599
41,118,1207,79.30789112085274
41,83,1150,78.14408997246548
41,49,1145,78.08934785088887
41,97,1120,75.6977242473418
41,2,1213,75.14662756598152
41,36,1072,72.98771870911835
41,52,1078,71.16863564880575
41,48,1050,71.03747429804142
41,55,1039,68.84211624026767
41,46,968,65.54641769543633
41,14,939,62.16232321627169
41,84,888,59.88834554116779
41,126,879,59.489848912330125
41,45,857,57.429067122674276
41,124,804,53.91806013968185
41,72,785,53.07367663416834
41,85,788,51.76845800889878
41,61,774,51.36512357480542
41,115,756,51.12424007107847
41,54,704,47.39641268075629
41,26,679,44.8669588872126
41,58,650,44.181034482758264
41,18,662,43.60891186285427
41,88,640,43.55908274150782
41,39,632,42.869672040973484
41,93,643,41.705442791219944
41,79,526,34.575016965041485
41,123,509,33.55934698684819
41,78,488,33.200026441036435
41,120,447,30.226259024187943
41,112,442,29.00878024763391
41,30,411,26.689811596218096
41,11,386,25.461427939876152
41,102,388,25.198938992042425
41,105,337,22.826833736831727
41,75,359,22.143597991762594
41,59,322,21.397073846223627
41,17,276,17.798234421688598
41,106,248,16.39523497143074
41,6,248,16.094271412680783
41,5,199,13.277412464193246
41,73,196,13.087286203592527
41,33,160,9.780437860248773
41,77,150,9.756210604375232
41,57,150,9.227424410961685
41,41,140,9.223210975157588
41,116,143,9.092080631596072
41,80,134,8.590273915461617
41,34,136,7.887551825260401
41,7,126,7.670559881349639
41,25,118,7.640968597587063
41,82,123,7.438820912124586
41,44,131,7.105116796440504
41,22,123,7.091212458286991
41,51,105,6.914310730294383
41,62,111,6.767831260322916
41,127,93,6.280968753160081
41,9,85,5.639127332255965
41,1,85,5.475173940543963
41,108,89,5.196746384872082
41,50,78,4.612968657985998
41,94,72,4.304024673880071
41,96,59,3.350945494994439
41,13,48,3.033205619412516
41,113,49,2.6997589914720046
41,3,41,2.466190504068849
41,121,40,2.3668503976225663
41,56,34,2.2497219132369306
41,111,35,1.9118464961067856
41,107,31,1.6728656840934382
41,38,32,1.5438609949752602
41,86,26,1.3991240266963298
41,89,20,1.2307914143286782
41,109,15,0.9256684381823425
41,12,32,0.9037819799777537
41,40,13,0.651765850945495
41,28,15,0.5561735261401558
41,114,19,0.4866518353726363
41,37,3,0.06952169076751948
41,74,2,0.057430961938385656
41,71,0,0.0
41,76,0,0.0
41,8,0,0.0
41,16,0,0.0
41,23,0,0.0
41,24,0,0.0
41,27,0,0.0
41,32,0,0.0
41,31,0,0.0
41,4,0,0.0
41,104,4,0.0
41,68,1,0.0
41,29,25,0.0
41,91,0,0.0
41,98,0,0.0
41,125,0,0.0
41,119,0,0.0
41,110,0,0.0
41,101,0,0.0
41,43,0,0.0
41,60,0,0.0
41,67,0,0.0
41,70,0,0.0
42,79,8191,552.5931590656406
42,84,5549,372.410621938585
42,106,3078,209.58389612796768
42,5,3020,205.43085589492435
42,119,2718,186.18351600858304
42,24,1917,129.9404641520872
42,86,1836,124.9679548456593
42,73,1769,121.95313633505681
42,90,1661,114.2019972651828
42,49,1638,110.93264546814436
42,93,1603,110.07356344869079
42,126,1460,100.0607127311924
42,4,1413,97.18347446984336
42,21,1426,95.73677542949015
42,98,1388,95.12683174541662
42,39,1302,89.11377224693986
42,70,1324,88.9204851268445
42,77,1304,88.90658357457252
42,36,1320,87.96331811847084
42,64,1283,85.87765231808903
42,125,1209,82.75658298492635
42,7,1237,82.73966022853635
42,113,1193,80.23065460574615
42,59,1211,80.13765294771963
42,52,1160,78.82719272358608
42,101,1100,75.29959503615063
42,102,1083,74.88203982686055
42,30,1093,73.45493309063963
42,114,1063,72.55132308763376
42,37,1035,70.74039563030286
42,32,1039,69.41479182365151
42,18,918,60.805988134965475
42,55,909,59.99810475900328
42,66,879,59.90308417219985
42,65,863,59.00894155899711
42,31,830,56.575682382133905
42,22,838,56.41218269055178
42,75,829,56.075126208607756
42,8,882,55.43722823339074
42,33,778,50.95335396817742
42,116,750,50.45296977484552
42,56,730,48.354818846336855
42,68,744,48.08683498906826
42,20,689,45.4881526210781
42,92,680,44.930659670164914
42,6,649,43.70624222992885
42,27,616,41.58532155910205
42,111,550,36.86424632570481
42,25,572,34.65107429307412
42,28,512,34.30927330060908
42,50,494,33.16271011959455
42,81,438,28.93029291805693
42,109,448,28.530871781249413
42,17,450,27.985640610779505
42,74,427,27.933516332364622
42,12,347,22.43812569521698
42,115,341,22.350144052397738
42,76,312,20.653548745918375
42,41,285,18.55327936390231
42,69,274,18.47727127806556
42,82,272,18.39245447840598
42,9,251,16.73765197197668
42,14,258,16.24762808349146
42,38,213,14.315219157365842
42,58,208,13.901500533472547
42,16,194,13.037584030565373
42,63,170,11.540600667408226
42,88,174,11.116340092980794
42,43,145,9.683378356904491
42,108,157,9.66930849091582
42,72,136,9.214628050371482
42,71,126,8.348648256516901
42,89,124,8.293789790074086
42,123,127,8.063429852614018
42,10,118,7.4000351267490165
42,19,110,7.181137253953665
42,112,106,7.17337445646678
42,78,109,6.920568308221264
42,118,99,5.8606785317018915
42,99,111,5.851408972932894
42,35,103,5.824372759856634
42,87,87,5.6553221528193784
42,95,83,5.481370738129017
42,117,79,5.163565577914859
42,2,85,5.14460511679644
42,62,76,4.938936781609193
42,80,79,4.634779384501297
42,120,86,3.8700407860585915
42,60,66,3.484774749721916
42,110,61,3.4462895280470365
42,61,46,2.9151816455169386
42,94,43,2.9000476720165267
42,83,65,2.4796069707081956
42,67,63,2.4332591768631824
42,97,35,2.2942157953281432
42,127,36,2.261627502780868
42,46,40,2.097237671486837
42,100,38,2.036985539488321
42,91,34,1.8770856507230262
42,23,28,1.8393664355193713
42,0,27,1.70433478275525
42,53,22,1.2032600325147602
42,96,23,0.9872080088987765
42,15,18,0.9733036707452728
42,104,15,0.3823692992213571
42,105,7,0.2780867630700779
42,3,5,0.2659960342409441
42,47,3,0.12677484787018256
42,48,0,0.0
42,1,1,0.0
42,122,1,0.0
42,51,0,0.0
42,34,2,0.0
42,54,0,0.0
42,42,1,0.0
42,57,9,0.0
42,13,0,0.0
42,26,0,0.0
42,29,0,0.0
42,11,0,0.0
42,40,0,0.0
42,85,0,0.0
42,103,0,0.0
42,107,0,0.0
42,121,0,0.0
42,124,0,0.0
42,44,0,0.0
42,45,0,0.0
43,50,8825,552.4446354535286
43,119,8139,539.4348421323267
43,85,6168,407.0450141734672
43,42,4593,310.0394601596651
43,59,3641,244.47837340634243
43,39,2788,187.1099715314597
43,6,1921,129.31971853870175
43,49,1645,111.64604189840463
43,88,1619,109.23749018517462
43,31,1558,106.15315466797658
43,78,1514,103.45553932229785
43,16,1506,101.10751588393836
43,81,1466,99.24444964840676
43,121,1389,95.38904500777234
43,125,1351,93.09838768635633
43,96,1304,87.56188793648727
43,75,1293,87.50569930468502
43,41,1185,79.83487399792922
43,61,1130,78.0674542188607
43,47,1118,75.20393029291805
43,4,1094,73.95663291102731
43,77,1079,73.8500213061498
43,74,1069,71.89834821384659
43,69,976,65.05814073250028
43,19,881,60.27530589543922
43,8,913,59.914112743405944
43,12,840,57.624530355616315
43,14,847,56.752487331602794
43,43,792,54.12447871014914
43,70,783,52.76928068223942
43,29,667,45.15418366085751
43,37,688,44.87420663482306
43,62,656,44.46292897094148
43,72,643,44.15143249075345
43,114,649,41.61875909129786
43,18,617,41.502904461747754
43,71,629,40.42256689705179
43,87,602,39.53715790731676
43,112,521,35.550149950671646
43,2,528,35.351779755283516
43,56,528,33.771701327776135
43,99,470,31.55178733946822
43,111,463,31.419555679149596
43,65,459,30.923149789518853
43,80,442,29.92619113830168
43,10,421,28.044810325649124
43,122,397,27.139990645279294
43,30,399,26.908007238556845
43,7,385,26.445124212087592
43,100,313,21.283226573587505
43,82,312,20.416203188728268
43,52,302,20.378352490421435
43,92,316,19.97507150802479
43,91,297,19.930934869589752
43,5,298,19.055671175858464
43,36,256,16.401701746529326
43,98,248,16.3584538375973
43,46,244,16.30373936408418
43,123,233,15.505819958684281
43,38,220,14.70461006056113
43,94,212,14.080399578174868
43,34,203,13.464908598652581
43,60,174,11.551415152638736
43,24,185,11.34005732865578
43,66,163,11.126103920180698
43,32,160,10.938488780230877
43,58,160,10.902131146896622
43,127,144,9.48299732177384
43,108,139,8.938071286937182
43,95,123,7.497155204377791
43,83,123,7.412081800290918
43,11,110,6.474207452725243
43,97,99,6.406140346689456
43,124,100,5.851408972932882
43,13,98,5.522008580962971
43,63,91,5.127224694104561
43,55,81,5.07982354130853
43,0,100,4.553670745272529
43,117,67,4.3721418860462276
43,79,70,4.25627240143369
43,84,77,4.089139447871374
43,53,65,4.050797182054138
43,26,66,3.981170155391511
43,15,59,3.9556755770300334
43,1,68,3.9031463530907335
43,48,56,3.5677267671149795
43,22,58,3.2211716722284005
43,17,44,2.88648712244374
43,101,49,2.8225806451612887
43,23,53,2.655728587319244
43,93,49,2.6418242491657398
43,45,41,2.5326185031532416
43,28,44,2.375324434556915
43,115,43,2.3339424757667255
43,44,30,1.7492884250474385
43,120,22,1.3632296754848383
43,106,34,1.1586948461253248
43,27,24,1.1432455815103206
43,113,18,0.792547274749722
43,20,19,0.6256952169076754
43,104,10,0.5996245828698554
43,40,11,0.46347793845012986
43,102,8,0.31284760845383763
43,118,5,0.16685205784204674
43,89,5,0.0
43,9,0,0.0
43,105,0,0.0
43,107,0,0.0
43,103,0,0.0
43,86,0,0.0
43,3,9,0.0
43,25,1,0.0
43,110,0,0.0
43,109,0,0.0
43,35,14,0.0
43,90,5,0.0
43,68,9,0.0
43,51,2,0.0
43,116,0,0.0
43,126,0,0.0
43,21,2,0.0
43,33,0,0.0
43,54,0,0.0
43,57,0,0.0
43,64,0,0.0
43,67,0,0.0
43,73,0,0.0
43,76,0,0.0
44,89,8555,564.4176399702998
44,118,8031,546.4097394541325
44,49,4663,313.19130019269716
44,119,4214,284.45668798664457
44,24,3908,258.4083324906455
44,56,2973,202.22540454519032
44,47,2035,139.19193056330113
44,94,1847,125.82122497219041
44,13,1845,125.44538734794907
44,90,1620,109.85261401557425
44,68,1587,105.39929727916527
44,20,1497,97.23364124389482
44,0,1391,94.46367611522305
44,62,1387,93.42959568602885
44,53,1382,92.32480533926706
44,110,1328,90.59440281631801
44,42,1289,83.97854341080685
44,80,1291,83.92261242650628
44,45,1228,83.09527421040153
44,48,1179,79.45920303605287
44,37,1174,78.86638914169484
44,73,1049,71.34436813851151
44,71,997,68.6434435640429
44,23,1033,67.89460230783912
44,88,936,62.37712445352788
44,99,895,60.761957730811616
44,11,890,58.69850721156079
44,54,866,57.74624243739686
44,82,778,52.67905199325393
44,3,761,51.023509155216196
44,66,782,50.253525815382595
44,8,739,49.692186720877594
44,72,736,48.94951476357681
44,30,715,47.58051016771619
44,122,708,46.67222840192813
44,79,733,45.984917882614575
44,32,669,44.994438264738776
44,121,672,44.67377842505405
44,31,597,39.16998419296302
44,33,559,36.551555600498766
44,102,456,30.893701334816402
44,26,442,29.102597657527912
44,12,427,27.913367794281154
44,113,408,27.509341627724407
44,25,377,25.32871553634648
44,81,357,23.374035123200812
44,39,332,22.882514679700666
44,86,320,22.008927106973097
44,7,342,21.947695507085115
44,1,316,21.51314239533343
44,104,323,20.81806582477258
44,17,305,20.162694801181935
44,5,294,19.754983914262663
44,51,277,18.664126024221012
44,59,227,15.465128069019208
44,64,230,15.064151739480675
44,2,212,14.262705916626958
44,34,200,13.235104099953912
44,74,185,12.510990255306941
44,84,190,12.300373430796146
44,60,176,11.687099458140864
44,16,169,10.877827215424547
44,44,165,10.739589882478109
44,19,162,10.674739609667306
44,116,159,10.672045495889094
44,61,167,10.59336763070076
44,96,158,10.354695181025505
44,108,164,10.341351501668537
44,58,164,10.011123470522799
44,67,159,10.000146361454247
44,50,146,9.85213686938422
44,114,153,9.622918408937759
44,46,156,9.549752249974729
44,92,148,9.440233674074202
44,101,137,9.115169670202521
44,29,129,8.413862625139053
44,112,138,8.180385613644795
44,57,124,8.165901928068216
44,111,131,8.064516129032251
44,9,123,8.05944155306384
44,52,115,7.417945766371336
44,100,108,6.918169417763461
44,98,108,6.723740664230099
44,105,132,6.604560622914356
44,65,107,6.269592476489035
44,107,100,5.901827856777805
44,40,86,5.121493348283916
44,83,81,5.063496477567669
44,15,73,4.929889331905875
44,41,69,4.484242247119976
44,69,55,3.5664627363737504
44,120,63,3.3370411568409346
44,103,58,3.0666790260783596
44,4,36,2.0540499544948942
44,22,38,1.9697812384130515
44,38,27,1.660575242332751
44,127,22,1.423953201970443
44,43,27,1.216629588431591
44,109,18,0.7125973303670745
44,115,17,0.6720430107526882
44,6,10,0.5822441601779755
44,117,13,0.5561735261401558
44,63,10,0.43699348482440814
44,35,11,0.31284760845383763
44,70,15,0.13904338153503898
44,78,5,0.13904338153503895
44,76,3,0.13231547597689192
44,27,3,0.06952169076751948
44,91,0,0.0
44,55,0,0.0
44,75,0,0.0
44,77,0,0.0
44,36,1,0.0
44,87,0,0.0
44,126,2,0.0
44,21,0,0.0
44,28,0,0.0
44,95,1,0.0
44,18,1,0.0
44,97,0,0.0
44,125,0,0.0
44,124,0,0.0
44,123,0,0.0
44,106,0,0.0
44,93,0,0.0
44,10,28,0.0
44,14,2,0.0
44,85,0,0.0
45,60,8114,531.8788552937693
45,109,7791,526.659251019658
45,13,7461,502.25250278088106
45,36,5307,358.611370790251
45,28,4822,326.96485678531735
45,3,2577,175.18437277094387
45,126,2550,169.54773692208985
45,107,2179,150.2617583133323
45,111,1922,132.19186675805233
45,32,1757,119.50820024895323
45,5,1453,99.84204671857734
45,43,1382,94.14609068555754
45,101,1330,90.83146112639818
45,48,1304,89.5613181312562
45,112,1213,82.78001197912202
45,70,1196,81.22046494613699
45,80,1154,78.52597134906732
45,88,1182,77.04101047947984
45,83,1097,75.62415029044689
45,67,1123,75.28108573796601
45,82,1073,72.2260845383759
45,47,1043,71.19883812508633
45,46,1019,70.45634855722061
45,17,970,65.84650909138145
45,72,964,64.15704949944363
45,94,823,56.10567296996644
45,87,838,55.77923158740859
45,51,813,54.98155595485974
45,86,803,53.998280562127185
45,98,820,52.22265932336725
45,103,752,50.56337002064785
45,76,730,47.918025136486435
45,127,657,44.346993849629925
45,26,662,43.910104364326465
45,58,629,42.64330665720254
45,53,586,39.07698368557641
45,63,607,38.27979792954197
45,85,531,36.08913102099971
45,115,540,35.8808398220246
45,119,499,33.58449748086121
45,81,481,32.15103770271067
45,29,446,30.27695005805327
45,93,428,29.213627887195024
45,20,425,28.708286985539473
45,2,447,28.640950262196142
45,27,410,27.737754850654344
45,42,391,26.283084145782983
45,104,290,18.787932010225784
45,38,247,16.36656470152024
45,116,256,15.543818025654348
45,92,214,14.453964793966424
45,37,207,13.73350689362449
45,123,205,13.414643281161627
45,22,186,12.534202642027243
45,71,180,12.312891142803355
45,95,200,12.262302028709138
45,19,160,10.863678941513967
45,23,160,10.630377380618159
45,54,138,9.141136756890381
45,64,129,8.782906933629965
45,99,133,8.479767309022051
45,89,120,8.188223843486234
45,50,132,7.897664071190221
45,30,130,7.794608388405414
45,44,120,7.420525730343665
45,34,106,6.585600161795942
45,77,99,6.188333357410104
45,73,88,5.427657714921337
45,114,86,5.237300704486471
45,110,79,5.077255978865413
45,41,80,4.985284575454205
45,0,76,4.401257807820652
45,113,63,4.168575105236757
45,121,59,3.8219329494093324
45,39,60,3.7263626251390463
45,120,54,3.5575927275516857
45,10,54,3.5553069301808202
45,31,60,3.392116781994424
45,35,54,3.29701351670206
45,55,49,2.9359544793360146
45,8,45,2.819352852375656
45,69,82,2.815628476084541
45,4,44,2.770935960591133
45,65,41,2.674929816197893
45,91,50,2.5491286614757134
45,33,52,1.7728031145717476
45,45,30,1.733076434133164
45,74,40,1.7206618464961076
45,12,25,1.5959090347299465
45,66,26,1.3440860215053765
45,24,17,1.0215121424453777
45,7,16,1.0001643239963596
45,52,18,0.9802558398220248
45,18,15,0.9052303485354098
45,90,15,0.8299151835372636
45,40,23,0.7299777530589547
45,84,14,0.653503893214683
45,49,15,0.5263785158112189
45,79,16,0.4866518353726363
45,97,11,0.40843993325917693
45,117,6,0.2928601223581758
45,1,6,0.22015202076381168
45,15,4,0.15642380422691882
45,21,7,0.13904338153503895
45,100,3,0.03476084538375974
45,96,0,0.0
45,68,0,0.0
45,75,0,0.0
45,125,1,0.0
45,14,0,0.0
45,25,0,0.0
45,57,0,0.0
45,78,1,0.0
45,59,0,0.0
45,6,0,0.0
45,9,0,0.0
45,11,0,0.0
45,61,2,0.0
45,102,2,0.0
45,105,0,0.0
45,124,0,0.0
45,122,0,0.0
45,108,0,0.0
45,106,0,0.0
45,16,4,0.0
45,56,1,0.0
45,118,25,0.0
45,62,0,0.0
46,112,8346,564.0737182728756
46,111,7539,507.6384729471715
46,7,4616,312.3417044579472
46,8,3055,210.94100657651182
46,107,2791,186.38256599473874
46,61,2528,172.25834973332147
46,114,2374,158.66394759609474
46,51,1623,110.52754406511274
46,96,1564,107.72853742504998
46,79,1546,106.50598879707397
46,54,1406,94.31051863181187
46,124,1336,91.81467468727381
46,33,1347,91.36960627549239
46,38,1320,90.58676307007727
46,101,1383,88.96566191079381
46,10,1292,88.50043737918146
46,71,1258,86.82134230410695
46,123,1216,83.15694172957404
46,11,1224,82.54417937920373
46,102,1161,78.62097177217855
46,81,1129,76.7766874225621
46,44,1133,75.83349170770389
46,82,1045,71.36747132941723
46,39,1067,70.86305044821039
46,115,1050,70.69652457757276
46,105,1037,68.33714811328801
46,43,1049,68.32533833889572
46,34,998,68.01974691351248
46,67,978,65.44785943063438
46,92,945,64.75091936869443
46,109,941,64.32677849760418
46,1,865,59.135232930769696
46,18,854,58.23803576423463
46,30,792,54.65231094130332
46,45,792,54.37610591444088
46,37,754,49.830499496795355
46,29,708,48.761656368064145
46,5,660,44.917444847774945
46,118,663,43.9615590721241
46,31,699,43.53361373748612
46,3,586,39.7357844695165
46,75,592,39.51282139234478
46,26,627,37.865256267647865
46,74,544,36.64071190211371
46,98,486,33.49312927585916
46,70,446,30.627268886187018
46,35,484,30.005561735261328
46,103,433,28.343607094302413
46,110,424,27.51832101027293
46,122,390,26.710841063965496
46,76,391,26.642877904539244
46,84,391,26.5719864950288
46,62,359,24.396724181045215
46,80,339,23.005259435139024
46,21,328,22.327468808790776
46,17,320,21.538889364250767
46,104,303,20.032524060550358
46,49,290,19.332560167863264
46,12,266,17.903627168790106
46,66,262,17.4279901645103
46,93,214,14.61790878754169
46,68,216,14.120820286676777
46,77,193,13.153323901782299
46,94,191,12.996713265996284
46,97,203,12.953582058142699
46,27,199,12.291434927697424
46,13,182,12.161445533797233
46,46,180,12.155517327607752
46,60,180,11.801711203662975
46,9,173,11.273584237262938
46,127,171,10.537233562817555
46,116,155,10.500919502965331
46,83,156,10.283518399261043
46,15,157,10.159756050784404
46,90,151,9.700784376684288
46,113,142,9.505819474212544
46,117,146,9.494180041315756
46,0,134,8.7481460882462
46,55,138,8.66550529054322
46,32,137,8.055825917686304
46,53,130,7.9892009640341035
46,20,111,7.3856572662435385
46,106,96,6.3115763546798025
46,16,93,6.290349844053313
46,19,90,5.927157102197384
46,88,96,5.8497536945812865
46,126,88,5.496848350018548
46,78,77,4.8048968550915205
46,64,78,4.606970708194297
46,99,72,4.58706842024908
46,100,61,4.0254754605388126
46,125,74,3.5734149054505004
46,57,46,3.0883869343877617
46,14,46,2.928601223581757
46,22,42,2.647569843444047
46,120,35,2.334352029173308
46,89,45,2.3127549128661484
46,63,31,2.0242129497891708
46,52,32,1.6183104684217033
46,119,24,1.5287784864254539
46,48,27,1.4283547375872185
46,41,23,1.4098998887652954
46,36,15,0.6720430107526882
46,28,8,0.43257940922012117
46,72,0,0.0
46,73,0,0.0
46,6,0,0.0
46,86,0,0.0
46,95,0,0.0
46,91,0,0.0
46,87,0,0.0
46,2,0,0.0
46,85,2,0.0
46,4,0,0.0
46,40,1,0.0
46,42,1,0.0
46,56,13,0.0
46,69,1,0.0
46,121,0,0.0
46,24,3,0.0
46,47,4,0.0
46,25,4,0.0
46,108,0,0.0
46,23,0,0.0
46,50,0,0.0
46,58,0,0.0
46,59,0,0.0
46,65,0,0.0
47,78,3772,258.56354853947096
47,63,3136,214.86306158076735
47,82,2408,160.06820443768243
47,15,1983,131.5112029238847
47,121,1825,124.97196706017672
47,73,1815,123.73235046108749
47,127,1796,123.18705371559743
47,47,1752,112.71452407436816
47,105,1743,112.02116935483781
47,20,1649,109.7979236188349
47,26,1567,107.0497228066875
47,57,1482,102.29238550028477
47,32,1475,101.60356009911158
47,90,1440,99.52469934887638
47,21,1469,99.483864266857
47,34,1448,96.93641082684658
47,80,1434,95.58162916060493
47,39,1436,94.89176007529653
47,117,1369,94.67909614126586
47,123,1477,92.50663129973458
47,11,1334,90.5867630700786
47,23,1300,89.96579119521826
47,31,1389,89.55973809283071
47,95,1289,88.4249695428789
47,27,1286,88.35963671977635
47,120,1235,84.64245282397948
47,44,1227,84.22566796663799
47,36,1198,81.77134830882078
47,35,1184,76.20446329254705
47,88,1174,75.4707611631972
47,59,1105,73.98448074835487
47,52,1068,73.08574152686698
47,14,1085,72.33636833901943
47,89,1048,71.8358331621122
47,0,1102,68.1219873934
47,42,971,64.20613067342619
47,17,1380,63.42695587690088
47,2,868,59.587900413692985
47,125,847,57.94223974350614
47,111,840,55.78140909064139
47,109,816,55.41386675199761
47,119,870,54.83088848720769
47,114,776,51.28413290753144
47,12,729,49.433846747281855
47,66,731,49.134546909852645
47,61,753,46.74311326310297
47,106,718,44.78801232138272
47,124,634,41.64994323589781
47,74,613,41.609335710756554
47,54,578,39.79935660521611
47,77,589,39.36376065999247
47,53,620,39.12596487679917
47,38,566,38.790169091198024
47,30,532,35.03392157452207
47,108,517,34.48108339922552
47,86,499,33.23832035595108
47,58,464,31.721077170882474
47,101,867,30.03337041156817
47,65,437,29.813623528862834
47,6,450,28.485710618636002
47,99,420,28.400731996124826
47,7,406,27.75026538873729
47,28,401,26.62513234249571
47,67,392,25.63643947820818
47,94,372,25.515788951630682
47,79,349,23.372777381169698
47,110,347,23.34045930663701
47,55,354,22.996566233012405
47,71,332,22.232967703293173
47,103,315,21.560752928939788
47,104,264,18.036318293406705
47,118,239,14.643359378532631
47,98,212,14.206725811523091
47,83,211,13.919333027983184
47,107,200,13.114060974779212
47,72,201,12.334306637004055
47,19,182,12.197264637475977
47,64,176,11.898140791355466
47,96,207,11.857872383456373
47,87,167,11.412861625835358
47,92,171,11.279529702777747
47,112,164,11.17601770308602
47,24,163,11.106767259436891
47,48,152,10.223390881386946
47,46,155,9.66210197418995
47,4,130,8.51223581757507
47,3,124,8.31704344696723
47,85,125,8.133004588726806
47,76,117,7.859471142338189
47,102,140,7.160734149054513
47,10,113,7.152788812966779
47,8,99,6.733430098483413
47,18,89,5.55067499241582
47,45,60,3.9210233592880956
47,51,58,3.892199767787402
47,116,51,3.383861887357838
47,49,46,3.087338989409667
47,113,55,2.97950103289369
47,9,44,2.7310964202649406
47,22,43,2.645616341389423
47,93,43,2.225369072432153
47,126,33,2.166476753755302
47,122,24,1.4133251037738408
47,37,23,1.3258779596376928
47,97,16,1.0021297376488782
47,100,17,0.8465288228750901
47,69,15,0.8143969489909427
47,41,11,0.5661051962498015
47,84,7,0.3707823507601039
47,25,7,0.24332591768631817
47,56,0,0.0
47,13,1,0.0
47,33,22,0.0
47,60,1,0.0
47,5,0,0.0
47,1,0,0.0
47,50,1,0.0
47,62,0,0.0
47,70,0,0.0
47,68,0,0.0
47,115,0,0.0
47,91,0,0.0
47,81,0,0.0
47,75,0,0.0
47,16,0,0.0
47,29,0,0.0
47,40,0,0.0
47,43,0,0.0
